unique_rep,participant,rep_id,left_knee_min_deg,left_knee_max_deg,left_knee_mean_deg,left_knee_std_deg,left_knee_range_deg,left_knee_bottom_angle_deg,right_knee_min_deg,right_knee_max_deg,right_knee_mean_deg,right_knee_std_deg,right_knee_range_deg,right_knee_bottom_angle_deg,left_hip_min_deg,left_hip_max_deg,left_hip_mean_deg,left_hip_std_deg,left_hip_range_deg,left_hip_bottom_angle_deg,right_hip_min_deg,right_hip_max_deg,right_hip_mean_deg,right_hip_std_deg,right_hip_range_deg,right_hip_bottom_angle_deg,left_ankle_min_deg,left_ankle_max_deg,left_ankle_mean_deg,left_ankle_std_deg,left_ankle_range_deg,left_ankle_bottom_angle_deg,right_ankle_min_deg,right_ankle_max_deg,right_ankle_mean_deg,right_ankle_std_deg,right_ankle_range_deg,right_ankle_bottom_angle_deg,trunk_min_deg,trunk_max_deg,trunk_mean_deg,trunk_std_deg,trunk_range_deg,trunk_bottom_angle_deg
person_10_1,person_10,1,35.27454618631496,64.77118455546662,44.96824075994067,8.575005953608008,29.49663836915166,36.21205996149076,34.524524905507576,67.30777560056364,43.42467790218294,7.9679929521423105,32.78325069505607,35.67615840273013,45.10254762262392,100.9120485353898,68.10980864025218,18.697587002484042,55.80950091276588,47.23692207070026,45.4199470643013,102.9117598519665,67.2210929047696,17.59486754773738,57.4918127876652,47.28128719788183,49.25871875136733,61.92679108337109,54.77601170352754,4.067235034536733,12.66807233200376,50.18502674246732,49.64706888398234,63.45450998074368,55.22820010017901,4.202675035616032,13.807441096761337,50.41150972480391,23.950762700054693,59.05139747531298,43.88727926779346,12.092670102997019,35.100634775258285,57.55231072801129
person_10_2,person_10,2,36.01763825803341,67.09429945249951,46.10771448395547,8.165683456066573,31.076661194466105,36.30739185039721,35.262426140332664,64.26298474765291,44.88998640417337,7.65983446022574,29.000558607320244,35.980192235568964,44.88122568981725,99.40730484806777,66.8705438947198,16.543643918908018,54.52607915825052,46.23608713014545,44.90189475237196,96.14271314610686,65.94693950468641,15.541420899347893,51.2408183937349,45.54812922973984,49.443290549812176,64.16942541125638,55.07152711748997,3.639561385412315,14.726134861444208,50.1823358686373,49.68539314263773,63.4854994423229,55.389122587526806,3.3948397342940813,13.800106299685169,50.51564748162583,22.968387218345978,59.36113238484389,44.115792819176804,10.876941049560084,36.39274516649792,58.38204471611584
person_10_3,person_10,3,45.66752660687503,75.74768701891726,51.64870248709063,6.371886047729489,30.080160412042233,49.5242313618428,43.13252536223751,74.6251674434651,48.43119246456744,6.339271751018757,31.492642081227594,45.96290041971919,70.29633647886283,105.69879822863386,89.50600558148345,10.683765127992464,35.402461749771035,98.3544717262762,68.95931805178198,102.15699303047673,86.3739646227796,9.962742928149721,33.19767497869475,95.92511025851566,54.77331259107088,71.37627417481144,62.434584226853154,5.079001845962734,16.602961583740566,65.676440955286,51.40502135376827,72.3758463124202,63.23263742897484,5.543787131721127,20.970824958651924,68.06640617529281,4.4198952466374655,44.08417996067751,23.479051708812808,12.148449012463578,39.66428471404004,10.149416676224003
person_10_4,person_10,4,39.834184026533066,80.8291482762047,46.875671029599765,7.674563194082989,40.99496424967164,40.144410258580216,38.29422138512584,73.85125245835621,45.58647961861299,6.955027117091581,35.55703107323038,39.09922464508796,52.278690066428254,110.12349126966365,66.61477075101607,13.094246334013068,57.84480120323539,54.31203752739562,51.64109898502929,101.74484090351632,64.76321425447065,11.144340629503173,50.10374191848703,53.42293213186502,52.10952861201056,67.00201771161092,56.595187786164836,2.1568329634826022,14.892489099600361,56.52732690213564,52.82661219274529,68.60032272137009,57.57368546240111,2.3925333325100766,15.773710528624804,57.29609979635815,23.830406762512656,52.557129415305006,44.07432583005529,6.625428302209811,28.72672265279235,50.18131332452168
person_10_5,person_10,5,42.10074065511737,73.29964467276726,49.41861221503526,6.356152553794554,31.198904017649888,43.5152155705922,40.38268720044227,72.72430040634754,47.68647688713995,7.012067380946836,32.34161320590527,42.13729862192204,54.91857871721574,95.81506489247288,71.51021314873859,11.776160457777106,40.89648617525714,57.41383692672464,54.738539158613136,98.00610739777022,70.6592321801093,11.213889125315108,43.267568239157086,57.54537769293892,55.01546769741284,62.651227653281495,59.23495926698655,1.8178308529499687,7.635759955868657,59.70500675913319,55.83355525687895,63.800209814698334,59.96853583024815,1.967660150658395,7.966654557819382,60.32785284569007,22.842236231503485,49.45310244840083,39.59119746430468,6.51644846108642,26.610866216897342,47.052803751908726
person_11_1,person_11,1,54.45546310685302,84.30522308328491,63.659140176949016,8.703700803956604,29.849759976431898,56.665781848462586,57.278830860924174,79.3565323145044,65.08523820601165,7.317203188323031,22.077701453580232,60.03867830358114,37.65740050533476,133.450770747172,49.28658394096425,16.873892678280043,95.79337024183722,38.56591547198192,40.13173105078737,127.086975533343,51.20727764930107,15.844429809725943,86.95524448255563,40.65497108102946,65.26417447915605,79.27411782172186,72.33596909647264,2.9843963735822694,14.009943342565805,71.75967841166008,64.89784570330745,79.81645013160583,72.60541737597046,3.1130531196838658,14.91860442829838,73.60225377491714,1.9591253613764856,65.5914486511976,60.20457784604932,11.081806264386168,63.63232328982111,64.43604659600997
person_11_2,person_11,2,53.77346848010358,96.5147719264666,63.145202588322455,8.39618226939491,42.74130344636301,55.084856808452464,57.7409585828061,85.13627043397774,66.13743080780984,5.377805797029922,27.39531185117164,62.13406559895692,38.47317356550885,148.6735686273239,56.79832042124135,27.84975723269718,110.20039506181504,39.4966365863376,39.99784921319139,140.58228991180496,57.93949186430635,24.39820968145649,100.58444069861358,40.37004748476301,59.68371243875036,84.22546434358142,71.93436654156096,5.716469648410143,24.54175190483106,69.90693773498899,62.34153755909692,85.08227391080521,73.95816035900124,6.009009125437777,22.740736351708293,73.56476202157857,4.065555282122352,63.81585417439998,53.64970050160082,15.739084091038027,59.75029889227763,63.28906907244995
person_11_3,person_11,3,40.8478225185025,73.49530036809811,50.320304497860775,8.491787436487876,32.64747784959562,41.431943842057485,44.20074841190124,73.29070849900953,53.563306105403846,6.905819779766158,29.089960087108288,45.20979060053231,34.759932450882445,106.88785883033468,48.79003497372613,18.07060181314084,72.12792637945223,35.68429114400586,36.23765885642746,100.22257960670764,50.64232149572479,16.84870599972439,63.98492075028018,36.84634160105458,53.42899120603842,66.93938606120697,57.894637490221974,3.1904698230996025,13.510394855168556,54.816644633246,54.5254806408972,68.40402916782276,59.81822768800885,3.3759646834588786,13.878548526925556,56.391627797868495,25.11812741518594,68.77897253304043,60.54446474692739,11.522706470813782,43.66084511785449,67.78344347173835
person_11_4,person_11,4,42.02819633716926,74.81224010257388,50.02505178464717,7.8176450956586665,32.78404376540462,43.40665711299285,45.704135138185805,74.4287899503348,53.44550416551491,6.238189851096073,28.724654812148998,48.753312134181584,36.34542248152707,99.89059176468768,47.568800938468215,14.058107020777618,63.54516928316061,37.28582648363974,37.899593912380965,98.0410558172741,49.47303079240259,13.852919764538923,60.141461904893134,38.46794825404568,50.6117887040765,67.2651692478322,57.70728818468793,3.46822705642796,16.653380543755702,56.38611775476626,52.51289084671865,67.6232922948329,60.1969627804377,3.311952045266467,15.110401448114246,59.91219733216583,29.77824285389688,67.56455721895685,61.111440134717995,8.540260876794827,37.786314365059965,66.49828128898596
person_11_5,person_11,5,39.93721554331457,70.74709637796937,48.697960142721556,8.016340226916954,30.8098808346548,40.195367061288586,43.947219859914725,70.91966225461005,51.91201940268614,6.908178894509759,26.97244239469532,43.947219859914725,35.366814198787644,102.75490762927583,49.298469280296594,17.11790766756751,67.3880934304882,36.33644557807816,36.98952197480357,98.70721783228296,50.817581349903946,16.460193824230693,61.71769585747939,37.71748824413349,50.755168968613205,72.9191576537509,56.779530436826825,4.636846865160281,22.163988685137696,52.895228822564086,52.98632965026389,72.98585444292537,59.20554503430263,4.309914318781727,19.999524792661482,54.93151720006128,20.43957444246267,67.50156134485566,58.99268138162325,12.454021359090543,47.06198690239299,67.31357339333177
person_12_1,person_12,1,37.23039687286133,69.59787592549937,49.30659374628693,9.820480924220234,32.36747905263804,38.82301733388487,36.29406089538176,70.97592503017101,49.55784727503416,10.660927800934854,34.68186413478925,39.7086314659906,38.26145994552565,95.86781658754364,58.21879129502234,17.81473147738769,57.60635664201799,39.28833769193089,37.29818660525325,100.9816520807595,59.285607303136175,19.272014651512823,63.68346547550625,38.28455971049049,53.71029459372811,79.30229405082487,60.935372480359725,6.720419202002143,25.59199945709676,56.33303749474428,52.67768724276608,77.7277593912397,61.58041482600195,5.371420605735725,25.050072148473618,59.50739042065493,11.468538828242966,61.71755090521977,48.438052196554665,12.145090393512943,50.2490120769768,59.65599184284004
person_12_2,person_12,2,38.33070950979781,68.67391603173343,46.86019670676935,8.296705141348726,30.343206521935613,39.95539273861269,39.22073682234219,70.63127952107484,47.87582515381482,8.309079959961881,31.410542698732655,41.376230005049415,36.99224220479757,103.21497999054112,50.81349466422436,15.049062686704364,66.22273778574356,39.78234708441218,36.19431729908252,102.8935783103744,50.82507081621154,15.948860800784164,66.69926101129187,38.62079544032504,52.80799941695378,71.53973119497842,59.01199649099646,3.9787085793573946,18.73173177802464,58.8361400259295,53.26113481356956,69.28905513369362,60.246395346068155,3.627494881684491,16.02792032012406,61.84542988890514,23.06006528286473,62.21328356776787,53.21086608448538,9.25591903524983,39.15321828490313,57.31546438788139
person_12_3,person_12,3,39.85492163186744,75.21033172940565,47.4548523158531,8.413674048539429,35.35541009753821,40.21107522122805,40.11477663590731,77.91617176026372,48.31678190177247,9.047353580993788,37.80139512435641,41.35224817382705,38.20901157508367,105.84005856175482,49.89217843683155,13.965671314094486,67.63104698667115,38.27859244227139,37.767594990101856,108.68000227647724,50.525939846874685,14.528551872676868,70.91240728637538,37.767594990101856,53.6929201672768,66.3296285161486,58.41821450780605,2.4223258677128916,12.6367083488718,57.63639219453434,53.45684983667,66.72329314064362,59.47291576146978,2.603098573046035,13.266443303973617,59.88852437228975,24.329693058076675,61.16556867086873,54.18928328301974,7.481321326827163,36.83587561279205,59.5470300197385
person_12_4,person_12,4,36.68122595784021,68.60373526408159,46.78032817453387,8.0813988757693,31.92250930624138,40.34231032462979,38.124162611682216,70.6615984238551,47.06498862197251,8.386854168716852,32.53743581217288,40.95567961359714,39.71571456032684,106.44878329522253,54.49700890535432,13.241594986045921,66.73306873489568,42.73709166657737,38.76623631848414,104.96008861752082,54.02709851188967,13.964746738893579,66.19385229903668,41.67845216240295,53.82557609426561,67.54959914532783,57.356143570030355,2.501180921402678,13.724023051062225,56.93520349281237,53.1112990436768,67.7532477016092,58.66652651580191,2.231044532573145,14.641948657932396,59.66616090176259,23.125093062176926,59.051306660479945,51.32239895066472,7.7704359057893155,35.92621359830302,57.44366431540792
person_12_5,person_12,5,36.54625175438198,69.62009193875832,45.68479818771647,8.24603816049641,33.073840184376344,38.37555162603861,38.24579517434464,71.9372305487519,46.74739607379938,9.069647174329566,33.691435374407256,39.82329447025965,38.76748544449022,93.0383248063164,51.85042196821468,12.081652161489602,54.27083936182618,39.86001457166363,37.07992846754024,96.47876016972228,52.51043862681309,13.781000063039128,59.39883170218204,38.79427084005958,54.4986503478242,71.10064676438151,58.81832941653757,3.790646432294034,16.601996416557306,56.66556046029645,53.20810516653716,71.01386534277326,59.92499879405344,3.6907481973530647,17.8057601762361,60.333829280191615,28.95482606615377,60.286113208006,51.52571255225614,7.572521314066882,31.33128714185223,58.48868790933541
person_13_1,person_13,1,52.79933607253493,90.50003597343466,60.3320776815505,7.757604813495406,37.700699900899735,54.7048812740881,52.25544165687371,86.09012108385471,60.00300685957447,7.017507540938373,33.834679426981005,55.08400191514186,60.83149977178121,125.73116511580407,84.33210285102486,14.466979590739424,64.89966534402286,76.76375153155459,59.84637382875968,129.9954502343567,83.63220680987104,14.151546010640239,70.14907640559701,75.35770608372651,59.17546389272899,87.89995676808157,67.81892697674625,4.7382170154409575,28.724492875352574,69.31051638324001,61.41239242564423,87.88253957482252,71.17054238229835,5.050418543597555,26.47014714917829,73.57394906939312,2.7679758875807767,46.29733816286255,24.614888644689863,11.761215751149972,43.52936227528178,25.227840027414704
person_13_2,person_13,2,52.61251105187408,88.10349206120566,61.69490128055346,7.51862546049666,35.49098100933158,52.80922835227009,51.51003825179646,80.48098108361087,58.86903758621592,6.688606691071844,28.970942831814412,51.61307360846292,58.71039721921134,118.26740943736417,86.90474575216658,17.249082679029932,59.55701221815283,70.96479529519542,58.08206077738666,114.39555759381078,84.43101477198685,15.906384887521432,56.31349681642412,69.09071464904393,57.79069110634265,84.60102474135115,75.13788986727475,5.905070090556307,26.810333635008504,75.7400510106322,62.433513754100666,85.94059837395716,77.80515563865977,5.927302685165602,23.507084619856492,80.3249461699228,2.43266699588739,51.91655261276179,19.877186934515134,13.949210042629302,49.4838856168744,27.34760720109044
person_13_3,person_13,3,42.78765211683955,80.45574580014114,53.15628950176401,8.738332842780684,37.66809368330159,42.83712276434833,42.82584841622048,73.73084320331128,52.50078428247404,7.719520258308357,30.9049947870908,42.94968261374407,44.10894653298413,117.93714620642496,59.14254095699945,13.114643068688565,73.82819967344082,47.70424833680218,42.23056703219021,115.60416335126986,57.652410241232616,13.100081082092089,73.37359631907965,45.95653932737828,57.562052997302175,78.87240055714427,65.43481517986814,4.063639887492472,21.3103475598421,67.63623114439798,60.50166089053929,77.04734345570091,68.81311242201502,3.582809794718207,16.54568256516162,71.68609060495538,2.9986284676991453,57.15113273475704,45.128802570093654,9.581131679634867,54.15250426705789,49.83035076232228
person_13_4,person_13,4,43.78140736619025,73.22406560965764,52.03387483900186,7.489314000191439,29.442658243467392,43.78140736619025,42.28559985463406,72.5871100956171,51.76310951379223,7.965324452860077,30.30151024098305,42.35433755384555,49.595534615832456,109.18020171541886,60.417672816110986,11.549012636604589,59.584667099586405,50.71743495977876,48.50621385104672,107.38488649528482,60.24974867529578,11.912921204588553,58.8786726442381,49.81330851140741,59.158321426871474,73.42752265031051,66.71371417557823,4.026563036045567,14.269201223439033,69.55408838912103,62.27844575078832,76.02509299969788,70.40670531805283,4.00028244232877,13.746647248909554,73.63240875732674,7.256078984087417,53.71591948514192,42.79942678149523,8.251024210108516,46.4598405010545,46.93083755407322
person_13_5,person_13,5,44.3607944086693,77.99686348014878,53.152195257871504,7.740791427138772,33.636069071479476,46.47802574711006,44.818106630720166,73.6719726554266,52.422657014066054,7.1334503473701,28.853866024706434,44.9504773642046,50.92131183233954,86.73694529292104,60.55967073839957,7.840679080731851,35.815633460581495,63.53016184089704,50.41211299617483,85.88460393632491,59.892507066952064,7.902569521768035,35.47249094015008,62.88226286199074,56.54789879893166,76.21156558929573,66.01536174577495,5.475042135631858,19.66366679036407,72.45078193231748,58.41403153399114,77.27586803027683,68.62424197807134,5.798894812654176,18.861836496285683,74.44820470011202,22.205796789873816,57.24397382569018,44.14235455651251,6.852222744024431,35.03817703581637,34.58170148095556
person_14_1,person_14,1,37.60181732106175,64.89830328375523,46.884823825142874,8.15473794723953,27.296485962693474,38.20011083164611,36.58256652001917,75.33020297060146,46.48206134689951,10.232902442949577,38.74763645058229,36.96463290011718,82.09485224842717,115.7191112911284,99.27640612470195,9.234775097005778,33.624259042701226,84.44266681067268,84.37113936080229,123.06804259250671,101.97201086751079,9.767924580271083,38.696903231704425,86.56229397507418,61.26289234038142,75.1013954182185,67.40888612109956,4.192126668525326,13.838503077837082,73.32390031548124,59.86808206704185,69.93725804320559,65.64295266057769,2.608148163362641,10.069175976163741,69.33476484209004,2.695900873386762,19.49587361836588,11.195659722878638,4.509443462666934,16.79997274497912,16.8550209674835
person_14_2,person_14,2,34.57356026793819,63.763968483082586,45.20458083424581,8.399690766194547,29.190408215144394,35.0503350243353,33.655793449780695,68.75510695135391,44.93821467380176,9.662571129064213,35.099313501573214,33.8806819620954,79.64805217310641,119.7689218902178,101.19373317685414,10.596349036879996,40.12086971711139,81.58720783581593,80.58305746409874,121.0919361741312,103.02962694701885,11.325250680720398,40.50887871003246,82.1604960783526,61.77976089120877,81.21744611482221,70.96558403167596,5.286248254087188,19.437685223613443,76.90896418247213,63.08980084972248,80.8765007791548,70.64390262840797,4.13571147339486,17.786699929432316,75.17686318364866,2.275224808932645,19.95908321835751,10.235937647240158,5.241324844856293,17.683858409424865,17.93221970217716
person_14_3,person_14,3,32.44723881262738,61.53522805296086,42.810270957299785,8.704708173417156,29.087989240333478,33.58750063670579,30.50126479931747,66.0164802481879,40.998045901782504,9.551842279236336,35.515215448870435,31.748886955606707,87.46910066354266,113.07462550001554,98.79084724734702,8.184047033695336,25.60552483647288,88.52760359938742,88.2683558420806,119.3930340446184,100.59809748310423,8.941738027596053,31.124678202537808,89.20961559644675,60.87078828766895,79.30181338366738,70.06108683345231,3.976637763351521,18.43102509599843,73.05188841733894,63.51939933464287,74.01484813800899,68.83674479016808,2.2981396003584287,10.495448803366116,69.53806932660717,2.797966510628028,19.093128980930256,10.049708251511351,4.307867262772106,16.295162470302227,9.259155849646003
person_14_4,person_14,4,31.08872409724516,61.26461303358646,42.814857683538484,9.578130051950792,30.1758889363413,31.08872409724516,30.22845876337313,68.7186044319503,41.96551434603835,10.423071159711391,38.49014566857717,30.63158000911956,77.73033253421795,120.44723403213004,98.50104596111447,12.498753487980482,42.71690149791209,78.09733118317207,78.75438431417551,119.59282770171556,99.77658140446768,12.418598768946964,40.83844338754005,79.20907207926955,58.543928770507534,78.96932621177582,70.89120805214958,5.441649317304549,20.425397441268288,76.28023372474752,63.64740810059091,75.08958210394837,70.37605521103846,2.474298902794852,11.442174003357465,70.88662299979497,1.7586527438478603,21.56814422518384,11.768589177297777,5.58795700457764,19.80949148133598,19.6479944235401
person_14_5,person_14,5,32.88937356175429,65.04402371993143,44.613403465712146,9.152923944752029,32.15465015817714,34.71576149129036,33.509364929887255,70.96169135031198,45.020241472083995,9.983576605260675,37.452326420424725,33.63645660042524,76.87453923345737,115.59005607555709,98.23003746381075,12.854868591603234,38.71551684209972,79.46923474951484,78.02479015442955,118.7693739757624,99.33512934310988,13.556371379444686,40.74458382133285,79.59641148308319,62.42956549121566,82.03695350894415,71.50710342778572,5.747169922404444,19.60738801772849,74.63259001107812,65.34771447226657,77.78033201479879,70.82184249470099,3.710922687080098,12.432617542532213,73.25678876281395,2.3717866738303317,21.53867542769246,11.998977164813702,5.75452462808642,19.16688875386213,18.080340173302723
person_15_1,person_15,1,41.06449893678146,68.67546177145557,50.340546072836965,7.862340080248626,27.610962834674112,43.894753279134406,43.24536941309303,67.03427517705838,50.243861498919706,6.558881723377909,23.788905763965346,44.8783190501137,60.179244659741855,107.520233806541,79.4921184386374,12.792146993567668,47.340989146799146,82.82239141191137,60.11390674652165,104.90187061799756,78.71855604019022,11.103660284395884,44.78796387147591,83.17044429549884,55.56891922673271,68.22800280271599,61.42602391237709,3.8306782918822657,12.659083575983281,64.46889179311593,58.76232701517409,69.90423485802272,64.18639744642311,3.5656949918680603,11.141907842848632,67.23231268818432,15.013946488285049,47.46157381368836,30.860627785590097,9.664036612444903,32.44762732540331,22.01537402866022
person_15_2,person_15,2,38.05375009364329,67.1298655148309,47.6913450005788,8.857735485288996,29.07611542118761,38.495739426782855,39.08455864320779,65.00212799550856,47.80328066706811,7.478147739272313,25.917569352300767,39.51023235376185,50.969168364341385,108.6138576346062,73.20762766058654,18.486391127404474,57.64468927026482,52.80136683806425,50.013450395699245,105.12354340618958,71.87061022440888,17.022872363970674,55.11009301049034,52.64663602406284,52.617968207009184,65.76115797591902,57.990814472472614,3.4917010559779063,13.143189768909835,53.76287273010142,54.42702867644515,69.86140201116521,60.85331674866066,3.855425254088187,15.434373334720064,56.2976984952758,14.479957629003133,53.88540230517046,36.87107552711861,12.840462449851533,39.40544467616733,51.32304893772847
person_15_3,person_15,3,36.24420199459677,66.38913357464051,45.25757723259482,8.58523397099723,30.14493158004374,36.84280838110311,36.558919681709206,62.83714923038206,45.14344599402285,7.636804102138685,26.278229548672854,37.106051860892606,51.188568541953394,103.07352705404092,64.36651565891682,14.188301029072887,51.88495851208753,51.55496297039525,51.53611466776899,100.11238741584914,64.42190684646191,13.274787974388008,48.57627274808015,51.84422813427936,51.05040753423386,70.99003868698698,56.11447772533104,4.244556674569104,19.939631152753115,55.1345523181605,52.736029902031134,72.55885405844131,58.70169044625932,4.130362818647201,19.822824156410178,59.1391780725033,13.65946083494219,52.91813089676317,43.86390923089981,9.680937301660085,39.25867006182098,52.61557056542554
person_15_4,person_15,4,35.63885907723285,64.19728250831497,46.19762372352365,8.38323352234474,28.55842343108212,36.20751770037759,35.74551674264321,61.66483109901222,45.260584008321736,7.37580593391856,25.919314356369007,36.60472547332317,41.06721965720603,96.99539394399864,55.12923756052475,12.89120839801648,55.928174286792604,41.51786932802442,41.67425809439365,95.34589656121484,54.753664320919995,11.807272204848484,53.67163846682119,42.52091465454885,55.17027901492192,63.69101835113211,58.136061095678855,1.8418234352777823,8.520739336210191,58.667051340660606,55.11413106084254,64.99544864789839,60.191662990178656,2.0984077704829462,9.881317587055847,60.07156659354297,23.85754104354917,60.35431101064825,53.001891390809654,7.462888124322444,36.496769967099084,59.75767655796879
person_15_5,person_15,5,41.25489865264223,72.06926624818459,49.15713438175252,7.59856652253254,30.814367595542357,41.50027339759048,40.253547947341865,65.16595601232764,47.13246302845279,6.3882569738404715,24.912408064985776,40.8173430008554,49.11761211248146,98.44894829901888,57.31072905619844,9.71345997449122,49.33133618653742,51.14452962490549,49.30040386023136,93.17255449976815,56.33062962044858,8.284756849440221,43.87215063953679,51.19009945972531,54.5130655633245,70.13963183062505,62.97685103813196,4.1237596651657125,15.626566267300547,69.02386401155768,56.976801901187656,73.78538063971423,65.3410550082162,4.722602538765512,16.808578738526577,71.68606346438769,28.256955523176785,58.39463610714027,53.34743827528781,5.234258652910934,30.137680583963487,54.01321679122912
person_16_1,person_16,1,41.54969250179408,69.87171874254226,48.83824771648623,7.821341995585887,28.32202624074818,41.54969250179408,40.25059182730586,68.99464358969874,48.820253316576355,8.688328512394026,28.74405176239288,40.44173022105902,63.18266959947295,116.31343763709094,77.17321742930257,13.772657295733735,53.13076803761799,64.88007702476591,59.23851279162135,108.30202854224082,73.93952345796399,13.504335810834085,49.063515750619466,60.46283475233481,55.31637352474344,67.0712036616761,60.40041685620632,2.81640281351335,11.754830136932654,59.06957308363037,53.8683372167503,66.30679870785283,58.87877331170742,3.1579542274560786,12.438461491102537,57.391562358521625,15.575864015228444,43.66648916373523,34.70779537300077,7.178175848882014,28.090625148506785,40.8055489172884
person_16_2,person_16,2,42.03586190850652,73.31847367748374,50.2867656998781,7.929876300878926,31.28261176897722,44.76036180236789,42.11056514661973,70.17904942052306,49.5658826716163,7.317256666374982,28.06848427390333,44.51557532604501,67.98332291914664,117.29797315733244,88.15070494317295,11.783236778484367,49.31465023818579,88.23817222497648,67.6135395975241,111.1648595381139,85.54751986178577,10.89824710483482,43.551319940589806,86.51050031974262,52.186997233257934,67.45531298935072,58.49507779319643,3.165747868685103,15.268315756092782,60.63992697479658,50.15995317271023,66.46479973930195,56.8218752545918,3.411239453019596,16.30484656659172,57.855366135414805,9.948651338128972,38.67899959133978,25.36994561403661,7.725537044625741,28.73034825321081,17.9370429474382
person_16_3,person_16,3,39.89555456413359,70.49974179356826,48.400569822012336,7.8691724776100935,30.60418722943467,43.0319984741526,41.05269041535351,71.88578796876445,50.06442653772945,8.583175311749816,30.833097553410937,42.98613180214116,67.36517420508123,114.4872977879114,82.98235797419167,13.98185070200937,47.12212358283017,70.40794039317697,64.976795704374,109.89715512223889,80.35599150762793,13.890234066609107,44.92035941786489,66.82367228866018,54.031178501554805,70.3302112755949,59.954915422212814,3.8268108284828735,16.2990327740401,60.34599665568179,53.00706465584266,66.9299677976106,58.563403281959104,3.313518714545649,13.92290314176794,59.59583644219746,15.368790839102408,40.98188363055739,30.829641773952797,7.651376708100375,25.61309279145498,37.95909835746884
person_16_4,person_16,4,42.45689822122215,71.5929784229902,50.50012957754391,7.546411603661297,29.136080201768053,46.327494917702765,42.52728686316011,76.5430160162475,51.36706636437198,8.031033990620378,34.0157291530874,47.57671613160197,68.23593387161768,115.7994352296803,92.74506574467222,14.26803531995388,47.563501358062624,104.5523625171582,64.8199219174317,112.58309548326083,89.44138403522125,14.495493302528782,47.763173565829135,100.21539973005248,56.37790538841836,71.76878311699419,63.01420351572587,4.56199814354758,15.390877728575823,71.06969356207868,55.760259216271926,71.31311797554241,62.6002256169278,4.3621603041776655,15.552858759270485,71.31311797554241,1.757183242288978,42.0192986165456,22.28665285688698,12.074483640026955,40.26211537425662,3.744736096568674
person_16_5,person_16,5,46.67920962180889,75.85443204897777,54.28706116258867,7.4803040798005584,29.175222427168883,49.495753461878586,47.561740120982485,75.78120159902036,54.44539939899508,7.673337596358488,28.21946147803788,49.45312984024,82.28652485901158,121.59954865485292,102.0511402307933,11.92022352125027,39.313023795841346,108.74879847693144,77.16269277942675,116.61523261864042,97.671425768294,11.893616075745507,39.45253983921367,105.4994908194645,57.13116173887918,72.19220813028265,65.0000779253382,4.615698933120375,15.061046391403472,70.23057009893992,56.63551997552285,71.86129041985565,63.91101813525968,4.861209995041855,15.225770444332802,68.83604757068076,1.189188779643927,31.04647867415142,16.46370530713628,8.324197179704662,29.857289894507492,3.712987869862508
person_17_1,person_17,1,28.99984490286531,65.49651349891371,41.062158642388994,10.495708334503085,36.49666859604841,30.58243487417541,26.46970452260837,56.49401634646394,37.776527782053314,9.906362954557089,30.024311823855566,27.6612747213294,35.95715919254384,108.0113315316843,61.98360526729866,22.722563493115615,72.05417233914046,37.407517909969386,38.40762519885718,107.28346234139362,65.79566233833927,23.692403744271612,68.87583714253643,42.22450275418787,51.737613440947406,66.1309003642466,58.817767592688114,3.1981629518718577,14.393286923299193,59.99190280313972,52.80349421965389,68.3516997562063,61.006117588834265,3.315340641276066,15.548205536552409,58.681970253739934,9.702946696932534,59.77965812615128,41.027407383626766,16.120508969591402,50.07671142921875,56.73489203036095
person_17_2,person_17,2,22.452887365088355,54.968694712757554,33.92998537941628,10.032704067842019,32.515807347669195,22.774904724258267,21.6708240072734,53.10379368161415,32.461020407079225,10.303069837221098,31.43296967434075,21.72966304270568,28.56540955294701,86.56953099389123,45.27462785248578,17.92090506999075,58.004121440944225,28.81554044224459,30.04144896399641,94.1219686546263,48.45844485017977,20.141192650139796,64.0805196906299,30.21358195390787,47.51003202021202,63.38071575933471,52.418557545238436,4.20729299425743,15.87068373912269,47.53037985095791,46.67427076778775,63.55242446448622,53.9513957616231,4.667133488831638,16.87815369669847,46.86552801778562,21.876030532515085,66.2972755489614,55.374427921736455,12.843596259778783,44.421245016446306,66.22632962774243
person_17_3,person_17,3,25.712480031254305,57.08597619045508,35.9787937146998,9.607595346125487,31.373496159200773,26.20487203176788,22.85997803787989,55.13898531991295,33.72305674486477,10.209478970339877,32.27900728203306,24.293000332146192,30.512792115979657,81.85484326411688,46.02875990092716,17.06951769709299,51.34205114813722,31.655050226011863,31.469660308114896,88.81735288699305,48.69666929179033,19.099139174157425,57.34769257887815,33.33398591901627,46.265419391678265,60.40154137362703,52.31758257790251,3.9242246211720992,14.136121981948769,51.55289832350262,49.23161150340108,62.2874145691888,54.45476018325255,3.9868038011910643,13.055803065787714,52.20870450144392,26.43156418822007,64.93184071092362,54.45603828923962,12.118481849588147,38.50027652270356,63.080593490391294
person_17_4,person_17,4,24.92828129352667,58.172539586396304,34.77327681074835,9.167594619184728,33.24425829286963,25.00511417524365,24.204660138446386,57.2789370908088,33.525985803505364,9.511560779759321,33.07427695236242,24.204660138446386,30.272185935009976,89.78950286703052,44.076561849575725,15.057732447301449,59.51731693202055,30.272185935009976,29.24814796644384,96.40547050473144,46.781796611397255,18.179098506394535,67.1573225382876,31.2256878629786,47.03112271913556,62.13758423034545,52.88768438015315,3.6978753221340104,15.106461511209893,50.634682547854986,48.03200313880615,63.60685707682984,54.28109616789682,3.5232553750318636,15.574853938023693,50.60180268454812,23.20713968715788,65.87451984850247,56.02032861325458,10.357359969714997,42.667380161344596,64.63976456351216
person_17_5,person_17,5,26.086409581132475,61.2906147748055,36.2145518510658,9.28442952141376,35.20420519367302,27.87450046070184,24.45018412445617,59.79762913076528,34.742543389165235,10.111291771883439,35.34744500630911,25.465727513351258,29.555209276391032,92.85794603027912,43.64513103369091,15.684492359101055,63.30273675388809,29.885259950654536,29.621577783333176,102.03998555648218,46.14008645018087,18.531616515143348,72.418407773149,30.023790532358746,48.965447099325054,62.82188997099031,53.65456942639961,3.1167804992991237,13.856442871665259,52.53729883301746,49.285845943605125,68.8848822044634,55.785272928012056,4.179453712637269,19.59903626085827,54.686961304646914,21.43432979030377,64.62450117103262,56.61319467432606,10.642102957624386,43.19017138072885,64.43839252541461
person_18_1,person_18,1,35.22659694135377,69.2419697243888,47.04858055577393,9.752643522253287,34.015372783035026,38.00648529107652,33.783443508941744,59.51704501995201,43.731068620899414,7.640078575002166,25.733601511010264,35.770653862112944,87.1884303836209,109.09454139858263,96.90575108671376,5.2960926580051275,21.906111014961738,93.58030968483874,85.79147322395814,103.18823490607384,95.23209882004494,4.185094735724081,17.39676168211571,93.46984854761172,57.24016889279097,78.83258410530584,65.64043180252337,7.008844807402001,21.592415212514872,77.13743636977482,57.46314979182424,85.4847020803015,70.73920836835809,8.803851684092985,28.02155228847726,83.80576233287694,8.1804959863859,25.840906116381607,14.85616548058122,5.266990567215733,17.660410129995707,8.653204692640701
person_18_2,person_18,2,33.161256201406864,66.23508231823857,44.78933361003044,9.945570177142315,33.073826116831704,33.332076765434,31.6108395920828,62.27201749651423,42.71661811577512,9.696150405763168,30.66117790443143,32.32165673422287,81.75899650354519,100.12222108004616,89.81210071152512,5.709907391362686,18.36322457650097,85.30365995269341,82.66691621167028,101.18495144618656,91.4796827347655,5.414929209176418,18.518035234516276,88.75697881060086,56.5099197448624,69.32778196861729,62.61797540391149,3.824192227428981,12.817862223754886,66.84271112328507,58.443575141116064,78.77117341173037,66.34105069705213,6.013378691968985,20.32759827061431,74.76117573702409,13.365436331213155,29.229394823132623,20.0942072434616,4.304201586767434,15.863958491919467,13.597176053268706
person_18_3,person_18,3,32.37050255355166,63.16094030277526,44.536443068858176,10.56487103221114,30.7904377492236,34.15249599358381,30.078895568697845,64.58719821122328,41.81350073124822,9.768777629412796,34.508302642525436,32.4543874463924,75.16470214619235,103.45054881946098,87.79173180676375,9.144845842309675,28.285846673268622,81.89060765554561,79.44313184401238,103.40830677275216,89.81359819653572,7.212680432972015,23.96517492873977,85.55985650283903,58.53610682071987,70.62782368960218,63.386923383482674,3.2522815890212198,12.091716868882308,67.42514356540448,58.15392875475644,76.21809909008124,65.94718805592368,5.212604714036031,18.064170335324796,70.65853591963008,13.316518291742076,31.74048540321293,21.799585625806127,4.681440438965571,18.42396711147085,18.133231893445227
person_18_4,person_18,4,31.819462980723223,66.25463791229656,45.54401389654969,11.292504300619832,34.435174931573336,32.83157507289955,29.2863089539865,61.28021760610388,41.619218058191684,10.101069482366784,31.993908652117383,30.913732309470088,59.94477951344607,106.88398035428357,82.31466715284141,15.500350596947008,46.93920084083749,68.99898701177428,65.6116118206923,105.24718721581053,85.24064962143811,12.300082246948746,39.635575395118224,74.10390595668025,58.68567503980435,70.35378373309018,64.09780323634958,3.0845651676909576,11.66810869328583,64.47564088771263,58.71301314951386,72.86008611475165,64.35282937293375,3.9113727970673486,14.14707296523779,67.70960283949773,13.715451014623971,42.15331561520701,26.175539214181438,8.01823487873921,28.43786460058304,29.338915463834336
person_18_5,person_18,5,35.074044109331055,65.86406945609397,48.39125432867987,10.525076182316402,30.790025346762917,37.0891169797842,32.29136965432498,65.38359304363146,43.488458058579525,9.83914667987872,33.09222338930648,34.31600736202337,73.05700795319561,112.27099589903813,91.62300580093545,9.877755379131054,39.21398794584252,87.42190279027591,78.68917503958322,112.54614027862704,94.74530266408988,8.038795421602027,33.85696523904382,94.14423834895597,61.69515086170623,71.24074137925687,66.47525329674481,2.2040029414320856,9.545590517550643,69.20668702045175,59.18323703467426,73.43507815510075,66.58614120765037,3.5734251517631423,14.251841120426498,70.27989654489082,10.833128220578397,28.656354819194156,19.09154141358768,4.0398055385559,17.82322659861576,11.791693863267357
person_19_1,person_19,1,48.38336961193144,74.58095392718613,58.331225606710994,7.29610881245218,26.197584315254687,48.87900671129548,48.73969842658394,73.5208947985058,57.72670322563891,7.130393314462765,24.78119637192185,49.25558213925853,90.86354665604206,111.66863027143128,103.2064059977171,5.3443557703820135,20.805083615389222,95.10183684915012,86.62168646523423,104.4007661145686,96.46556324538037,4.2548605488184545,17.779079649334363,90.25287273070018,60.32931649598967,71.94517948554825,65.87245488017379,2.3322260480616817,11.615862989558579,65.23102406100134,63.37128302508901,73.5879099503832,68.53258981988918,1.8952158036349487,10.2166269252942,67.34022788646845,4.837927450404375,22.30220324834709,13.172986981616164,4.469442085892432,17.464275797942715,16.08394853027778
person_19_2,person_19,2,45.72923292874511,73.52389812221338,55.46399482342062,7.54599679244447,27.79466519346827,47.627568446450695,47.12391751366157,72.04368633801813,55.60752545807426,7.02815794201609,24.919768824356566,48.62913045908237,92.27809906834808,113.36704791402448,101.83791639256891,5.351464727408115,21.0889488456764,97.283784370487,85.29597883013271,106.46720652452716,95.5925433467775,4.932622651746096,21.171227694394446,92.48498665624714,62.47765090624323,69.24657627221102,66.03898466730868,1.6881726647192028,6.768925365967789,68.09220011544419,62.33835176829415,72.61354515095394,67.12260317715712,2.016082325079246,10.275193382659786,68.00098083234828,6.393773732255368,23.85808925977988,13.457807201497587,4.100864746032321,17.464315527524512,13.338468351829263
person_19_3,person_19,3,50.73930002682751,77.5664367890661,61.11570376664154,7.371025776769391,26.827136762238595,53.95015095923274,50.84841286549303,75.41938458162035,60.293917464543796,6.922656716337641,24.570971716127318,53.648890045298565,96.6124752925555,114.245181949495,103.15999095957255,3.241449462807409,17.632706656939504,100.94711081913005,93.0523922335424,108.08106551777188,98.04323540270701,2.9655741574352326,15.02867328422947,97.50976170071638,65.9923436622488,74.08845632626608,68.81788065107519,1.693950179679641,8.096112664017284,68.33016151758775,65.9039598050459,76.28185235436509,69.90087823350615,2.4464427658063013,10.377892549319185,68.88877075673196,5.924384932986214,18.98488844608696,12.43785378578473,3.6035849558398634,13.060503513100745,10.619033528763303
person_19_4,person_19,4,45.5895487378256,72.67503162671206,58.404145220973135,8.318458803798723,27.085482888886453,45.5895487378256,46.615294403367706,72.79399746613416,58.24482805283403,7.715121202063907,26.178703062766452,46.615294403367706,93.27190367227811,112.56198344250944,103.0733614211603,5.149270108148664,19.29007977023133,95.84861772172582,90.45018863529444,103.20016700809518,97.9134810480036,4.221833783414821,12.74997837280074,91.1963832757207,65.99412979545713,72.98995545476166,69.17710716879371,1.3050459979211122,6.995825659304529,68.10572376816673,66.72412553397393,78.9958335507617,70.00538200633537,2.833246846385377,12.27170801678777,67.31949812694894,5.042954523571539,20.426525925621963,11.678503663013222,4.371721571245919,15.383571402050425,13.530014427150324
person_19_5,person_19,5,53.20749205466762,80.64521606343665,61.97398016955954,6.610952857883906,27.43772400876903,55.34220886142442,52.60442738049343,80.9132958921517,60.026850631095456,6.212890949886802,28.30886851165826,53.35812479442276,96.17771797448955,118.0020845356393,104.87274430284629,4.752962957553388,21.824366561149745,99.2110482022282,93.88063166981556,112.23350750481347,99.93649568088594,3.629452090608914,18.352875834997917,96.83455886869191,64.48832746300207,72.09150024303,68.3685923722261,1.6815829339047845,7.603172780027933,69.84411314786907,63.78755046409807,75.45329497405842,70.08175097460546,2.306222962395402,11.665744509960355,68.84894073210342,3.0110311984791176,20.00495504567057,11.449901058518774,4.719012746556799,16.993923847191454,11.406223215271613
person_1_1,person_1,1,97.2740285567734,108.79668085539345,101.65598224435671,2.8548891655957784,11.522652298620045,102.75698866314006,76.23599168720492,97.74271694656886,85.04862421195337,4.351621768778739,21.506725259363947,85.58261475603015,143.50532196299577,159.77695324582038,151.65277080593606,4.203380206955073,16.271631282824615,153.97873741643068,116.81327401795848,141.59068779644983,128.58414134511443,5.351294095060961,24.77741377849135,130.23666695351878,58.0784028606965,63.35996221487428,60.74015655699016,1.2143030264373544,5.28155935417778,61.0782515964978,65.88106325295217,73.89708360322,68.00140105531197,1.5214328080220658,8.016020350267823,67.0916459310151,18.147089384701257,20.94260908724686,19.28511404202248,0.8954287529300873,2.7955197025456044,18.574463761680047
person_1_2,person_1,2,95.68190275936796,117.63882350690616,100.75575190767806,4.911502111281219,21.956920747538206,96.36779779242848,81.58120565708444,103.4044456474121,89.34092148477617,5.27463392116179,21.823239990327664,86.25065514929088,147.8034297724327,162.05918401974648,151.76650625071073,3.3611481929978866,14.255754247313774,148.56630539806392,127.82210105941157,150.54369761394491,137.59380796401757,5.4643483045984205,22.72159655453335,135.8349669137201,60.19236815156083,66.12034506853459,63.217145393032055,1.6012726679040385,5.927976916973762,64.2018999042369,65.45014577147646,71.9893282912021,69.66657196983434,1.3857705846255757,6.539182519725642,69.21532216740785,17.967081303865985,19.992899380146785,19.397877150833693,0.48876859572505005,2.0258180762807996,19.54610177519039
person_1_3,person_1,3,81.5029135997463,101.23323759368876,90.51825504463537,3.7436430626687796,19.730323993942463,93.14326183113124,71.64315932867807,94.66859227181456,79.19050954748282,6.243328978856133,23.025432943136494,76.36666180804053,135.96023282616355,152.00253346134858,146.04074513394107,3.2909110846416754,16.04230063518503,149.00479093865312,121.9635770005847,142.73205869331915,130.57850669221844,5.861717876152738,20.76848169273444,128.93033141766392,59.53479405373248,67.4939687065783,64.77798569953121,1.7676949464338367,7.959174652845817,65.77553033640982,65.50494150684318,73.41249596670976,70.44269864702459,1.9069121069180834,7.907554459866574,71.40632413724035,17.398151932713738,19.94815955287062,18.183653191501275,0.49435108423962243,2.550007620156883,18.394637339815542
person_1_4,person_1,4,89.08762699414655,108.19515159003576,94.92976643836563,3.5992118273431126,19.107524595889217,93.01997727827084,80.1493376103449,106.31818559681136,87.0354927263394,6.0086664369825975,26.16884798646646,80.1493376103449,145.90169383166847,157.2354501452504,149.62168972189335,2.131918319756394,11.333756313581944,148.8590562921268,131.24195812666633,152.78738200888267,138.04587412338876,4.311392466325877,21.54542388221634,133.79912905835818,59.83780442619775,67.75747813053141,65.00679303572358,2.3166772891057428,7.919673704333661,67.56691698541735,61.53977068176228,77.48877163291034,71.33066511423142,3.3518408499296477,15.949000951148065,73.60733164972862,16.40391876287248,19.846156928037576,17.654799675012043,0.8983154712937982,3.4422381651650973,17.34329680925884
person_1_5,person_1,5,86.3770713633893,108.7892151630524,92.77318744848942,3.9543537082360727,22.4121437996631,89.52214986100842,70.85464207775239,94.95637734829114,77.66476148149479,5.360959849910701,24.101735270538754,73.7974316272512,142.9149438809798,159.48452109287527,148.67987457845564,2.813340778448231,16.569577211895478,147.08389682867343,122.81608006347186,142.24520192340265,128.7116986497189,3.9945313148107755,19.429121859930788,127.56598410943316,57.64368420423634,70.19487161227424,65.33061685986934,3.3956979341260296,12.551187408037904,68.46464689374412,65.21963497054722,76.92315750164036,72.3358354052132,3.132763771729952,11.703522531093142,74.87867572726051,17.01037240805547,19.51346661412574,18.023960662892524,0.5085666867648285,2.5030942060702692,17.11264303930026
person_20_1,person_20,1,55.50974245316608,82.19125665226036,66.24313563181697,8.11654779998546,26.68151419909428,57.39233655951796,57.71683298353321,79.84094820622107,65.90113802333642,7.104570021915951,22.124115222687863,57.83870404764939,46.74321418781202,80.43404455320483,59.94820577642298,11.012638947002914,33.690830365392806,47.98769977932052,47.29161359820838,81.79912031904807,59.999491905912635,10.633716069211141,34.50750672083969,48.62388534358521,64.5059159782056,89.70312117583055,74.14172290377509,6.326310610967351,25.19720519762494,67.23628277295086,68.35376980520178,90.05989752436209,76.1589506298646,5.50954355445806,21.706127719160307,69.87248306642988,26.14580647624804,55.68504939557506,44.07455246015244,9.428291167584284,29.539242919327016,54.23160000771711
person_20_2,person_20,2,46.37031155819793,81.29376274846173,54.95442531554918,8.90096807743934,34.9234511902638,47.83140607669504,45.7928941953811,77.83784903239982,55.286389596122945,7.537616183184018,32.044954837018714,49.46059265929685,46.01229773743421,88.35018347823893,58.23388256723062,10.17310164380124,42.33788574080472,51.58747703844514,45.985007556156674,87.9833696260313,57.02448673518147,10.22722189291658,41.99836206987463,51.62520462829333,57.62406139615611,83.1717143234534,62.988325868590266,6.295673133041275,25.547652927297293,57.97883378794568,58.61854288281529,80.42014652984254,65.76651289926774,5.019951236384578,21.80160364702725,61.99008093355486,29.08424846359441,56.78010042758849,47.345321140482454,7.1318242914682,27.695851963994084,51.26697322411505
person_20_3,person_20,3,42.23444954245485,75.15738692170869,50.520254686606016,8.064749898795135,32.922937379253845,42.57921315119564,44.00330297043292,77.65158478679413,51.79505632104158,7.613848395340275,33.64828181636121,44.34010699329983,48.84892654419474,81.99924360494268,58.54545945409152,8.155305392987843,33.15031706074794,49.64632119894427,46.153542159676284,88.17562743290866,56.380458828397174,9.19807230093169,42.02208527323237,47.08603647194558,55.66032776565292,79.55543771090241,60.363875438811995,4.062166693970009,23.895109945249487,57.46668478092251,55.80775379875865,81.90440188616407,63.44563950401752,4.502500491682675,26.09664808740542,61.59829980048613,34.271946267595105,54.86227103519342,48.431525857679986,4.380364615519273,20.590324767598318,53.456460700178006
person_20_4,person_20,4,47.77363864582587,75.26296873887085,55.2182697068303,7.326254340602822,27.489330093044984,48.744250029846256,47.91793688479917,76.3613885727677,55.58444267255034,6.701319410595912,28.443451687968526,48.420520422956926,50.72511092795112,82.26753939678873,61.261845010563306,8.628074312592357,31.542428468837613,51.87104890819695,48.02957894208527,87.6038099500573,59.73492787409129,9.559931960882496,39.574231007972024,49.1923545275619,59.963653537458896,81.18199023897769,64.53823902945133,4.091417808527796,21.218336701518794,61.51636915033855,61.83145950914572,81.12362018328562,66.96302850834995,3.6532253098989393,19.2921606741399,63.02560405825633,25.852176549404565,54.016320314930994,45.201000336481975,5.975161714940278,28.16414376552643,52.39512401700717
person_20_5,person_20,5,40.61679372209216,68.45004594442148,51.7937841686707,6.658234782591452,27.833252222329314,43.9628526987347,43.54686978659901,71.97712180493708,53.30635539421594,6.287523444725036,28.430252018338074,45.87635493828716,37.38555908582918,81.28304450675758,52.143594936045176,11.792658383466788,43.8974854209284,39.19406291786569,34.71561969246825,86.42761857123267,50.09291084579119,12.897094492950306,51.71199887876442,36.30169267274154,55.34701193958753,71.06440231980898,61.49581191578755,3.317951906940441,15.717390380221445,58.601263628657335,58.44593503320044,72.29026152428925,64.41620012112725,3.110150777884877,13.844326491088808,61.08211979452656,38.26401173443592,63.35158562755856,53.19550311751319,7.231976687684958,25.087573893122645,62.088106773338346
person_2_1,person_2,1,63.13280520054241,85.62877396046343,71.45542517706164,7.007993162424193,22.495968759921027,63.494348121084045,62.59726490720036,87.02843450344137,71.82052117389117,7.687198605043015,24.431169596241013,63.73795767217539,104.21264163504335,139.9942630618415,120.18472118995007,11.531726511490909,35.781621426798154,104.9798778080431,99.24519289177512,141.08435347104012,115.99980570759138,12.816819991351935,41.839160579265,99.42517257937568,73.799476776219,86.81240168730555,78.27535411977134,3.989732002428188,13.012924911086557,75.01435662708973,69.91665785761036,85.57949580157664,75.34212401103586,4.237504955429465,15.66283794396628,72.15213186417327,1.922738638009584,13.401792311666073,7.1399257447259314,3.6380733181517995,11.47905367365649,7.910896289677911
person_2_2,person_2,2,52.005513533023525,74.87632187012407,61.6653098729722,7.587479944950463,22.87080833710055,52.0995461968027,51.693197356098665,79.9459796901748,63.57633109056851,8.912351629694559,28.25278233407613,51.693197356098665,86.98528561550935,134.77508802911342,106.88962846932198,15.54294116982275,47.789802413604065,87.22593269502296,87.22222405572504,131.89386983967606,107.53301585595457,14.913480274869706,44.67164578395102,87.22222405572504,63.35877188622359,71.35258053097039,66.94817883725146,1.798715902621148,7.993808644746792,63.85335681407373,61.80380057222585,70.13195648478364,65.51270283026915,2.019338384908675,8.32815591255779,61.93115388613853,1.5819268149712014,23.963259414518365,12.675693697957353,7.687663920349122,22.381332599547164,23.621620858231896
person_2_3,person_2,3,57.84182665289254,80.56810336863732,65.35466747768533,6.431108183156306,22.72627671574478,58.87634373313959,60.17133263758592,87.9525706441848,69.64171487110617,7.749907452297688,27.781238006598883,61.35453172534858,87.98083326418124,128.76780417926355,101.98213357228592,11.500269876094375,40.78697091508231,89.4866698595722,91.74538543976944,128.55019348221893,106.08266129845997,10.93369505042531,36.804808042449494,93.24209522891384,66.49683095779974,74.14724252452673,68.92738417031165,1.2233819106671477,7.650411566726987,68.49902194289602,64.5324854676714,75.33629308894785,67.27912301011109,2.0162405525801868,10.803807621276448,66.96393889079947,6.444520016622222,29.272991289315545,18.152148715817138,6.739509815547896,22.828471272693324,25.56084208479917
person_2_4,person_2,4,52.28793746596119,76.27228563545582,61.830428270525765,6.237622467823778,23.984348169494623,57.646234578672605,57.05526004131189,87.38817684602003,68.49506336135913,8.09685091031399,30.33291680470814,62.0769908289368,64.75631331224128,120.74494220359944,85.20302628925518,12.861617073850262,55.98862889135816,77.27364322544112,66.7740293326102,132.11949735692198,89.80389533861414,15.411724185976428,65.34546802431178,79.77195285976606,60.55715247055376,70.51592687518301,66.45927168822519,2.196761089861833,9.958774404629253,66.25170919499061,58.97836572661724,70.34532599483279,64.95422002924178,2.5690680916304784,11.36696026821555,62.37487043246382,9.61936128998912,48.50252675653885,33.560167993103214,9.302886944852004,38.88316546654973,38.43422454234721
person_2_5,person_2,5,48.21193823100516,74.94954234935942,56.771106422650895,6.537873745799109,26.737604118354255,51.35849491718891,50.95036736657172,82.46116619936781,61.08453288167143,8.539391406451221,31.51079883279609,53.24107583890077,54.34958173270427,98.00179282915,68.20198218635217,10.304591540409847,43.65221109644573,62.73297127247666,55.66971264310657,102.29721765638124,70.44480492842554,11.540257541982573,46.627505013274664,63.30463083725165,58.50343179961156,69.94924748613344,62.78385751379758,2.5074399406727665,11.445815686521883,61.268939055198,56.160822306831896,70.59852947170248,61.23067049204477,3.418160974845854,14.43770716487058,58.33617687226597,29.62842859549306,56.82148582173532,47.28086828325903,6.000227890417669,27.193057226242264,48.61679927390394
person_3_1,person_3,1,75.22738384462926,100.81908983847292,84.74481276820268,6.992931950664384,25.59170599384366,77.91780096278492,71.9675415600455,91.47214488131554,78.37476460487974,4.3281891108992125,19.50460332127004,74.7044010993922,115.5585641066445,138.87157939329984,121.4072023280213,5.778450304731855,23.313015286655343,120.3418986483389,112.31286460837278,126.68687899168036,117.27825371679339,3.0667912057795785,14.374014383307582,119.18077948330615,71.9807510409564,78.16594763042322,75.29834013767712,1.4417691585321146,6.185196589466813,73.80425089512758,73.5105392859085,79.99619343690892,76.4162956872272,1.5497682565088375,6.485654151000432,75.5107185957544,1.355680383874657,13.441464612896588,8.460805370222115,3.2975466544351755,12.085784229021932,3.784075794570032
person_3_2,person_3,2,88.96861475653577,109.35776852965556,94.6479359985099,4.823986909817096,20.389153773119787,93.96329147599128,78.62601685300442,94.16974175824107,83.44671598047732,4.073370628770372,15.543724905236658,82.62994742426423,121.00148068874353,155.40278367841233,133.90360530525652,9.237661743242889,34.40130298966881,134.52185975152773,110.29960396766,139.43336716847563,121.25523729535786,6.480924576376257,29.133763200815622,121.30578866151598,67.41236452455549,77.69592376626338,72.613917221302,2.4422488705655465,10.283559241707891,73.26022026215146,74.17264423634927,79.14067906713524,76.18708310165006,1.2655222617351514,4.968034830785967,76.93755459051417,1.166467123058227,18.995905195175503,10.688435004783258,6.121149328645518,17.829438072117277,9.405901853622058
person_3_3,person_3,3,67.77320028430044,93.5499741301645,80.65152305501023,6.961605709681155,25.776773845864057,78.62879760813306,66.49559766613959,84.41841753334359,74.28905101640001,3.9575747541312922,17.922819867203998,73.81174230457768,104.78335376236544,128.8252478122062,118.15953282265178,7.612775575635871,24.04189404984075,115.20189320874113,103.93293100791766,119.2711728996588,110.28169580749422,3.668407667212815,15.338241891741134,109.59694909904874,65.38881689546075,69.12221314288522,67.24323578591647,0.8882244391260326,3.7333962474244657,67.37703688042129,68.0889504350125,74.2613461714335,71.14695780019697,1.2087919267565375,6.172395736420995,72.46168195322215,13.512642164041011,21.58224937653625,18.108958164206456,1.5859907665863922,8.069607212495239,18.409208437034657
person_3_4,person_3,4,69.55824886106184,96.51557275247912,81.06968902663077,7.913225938863966,26.957323891417275,75.84280163091273,71.95546304364377,84.76680751737435,77.71003300112528,3.71181334779688,12.811344473730571,75.83959071023223,107.89401249463556,133.77457947978772,117.937784486593,8.697531291208493,25.880566985152157,110.36307153795988,105.06419033173697,119.02992600937144,112.0846329073672,3.6912344812396434,13.96573567763447,108.6225114217008,64.06533831104895,71.36105508357905,66.71381137988512,1.7158068978529297,7.295716772530099,65.69444541923889,66.97897366343379,74.24970581144312,70.16313779979018,1.9119410126710663,7.27073214800933,69.93914000267435,15.701825896276327,22.56535658748105,20.206803051074253,1.5048605222368545,6.8635306912047245,22.52219339575329
person_3_5,person_3,5,91.55120872769696,117.35988809954333,100.1040708059832,5.656946128060764,25.808679371846367,95.82577466767697,79.8240741867745,98.09800219020958,86.54178053253699,4.510080214461272,18.27392800343509,82.34073726557494,131.40500813650416,157.5168018982289,142.30952266679245,6.442755119629832,26.111793761724726,140.79596785601063,118.00912838340464,139.5288322441395,126.23517051498973,4.497089902432987,21.51970386073485,124.34107120048762,65.97995363296069,74.42365251728475,70.29775904146672,1.96067260643011,8.443698884324064,70.44706747597557,68.28788435298844,77.68960669589455,73.54882933238422,2.262226640006127,9.401722342906112,74.73238458643962,5.070695234410262,19.130095337333803,13.077649264947526,3.9644617413059,14.05940010292354,9.253844553248898
person_4_1,person_4,1,54.947501012547065,78.55255348863679,65.51542435408729,6.078156774420335,23.605052476089725,66.37945533870484,57.31242788954544,80.35713436087225,67.32263074287226,5.772041152404633,23.044706471326812,69.09745042690214,70.45813794454726,135.38499369067736,94.06407201228716,16.009736927781073,64.9268557461301,93.3151812836812,67.4777445854482,133.4158916346042,90.55556200556937,16.173422637328365,65.938147049156,88.36615320801002,69.03939689590348,90.5355250335383,79.1758339421046,6.563080062546281,21.496128137634827,84.2351888470032,70.87211671379848,95.04058966196914,82.4652549362379,7.295587838508827,24.16847294817066,89.27633909257409,3.044535144689984,37.95684022951488,18.23111839308736,10.787611239853552,34.912305084824894,12.07885307901941
person_4_2,person_4,2,57.32872501814448,80.10520283733123,66.33751718970188,5.471688674466563,22.776477819186752,62.871330292865096,57.21121376716376,84.06492718052644,67.71150758380566,6.214240274939772,26.853713413362676,61.37599969807089,72.61189660395821,139.43512293793157,105.28249501994387,17.305695005519514,66.82322633397335,83.22862228061445,68.79188815693264,136.6821381178523,103.03910295228752,18.115699857722664,67.89024996091966,76.24013528985809,72.76252483007453,83.92175831425672,78.4676105938182,2.765941543370292,11.159233484182195,80.18020945643634,75.83735872732129,87.81390422529724,81.77015102830725,3.4485135489344976,11.976545497975948,83.4060152291346,2.0692775117624227,31.791814120958,11.075059457416494,8.184162503670136,29.72253660919558,23.287124730674144
person_4_3,person_4,3,52.3767947378408,76.55781289429507,61.0474582572293,6.834126137979496,24.18101815645427,58.841557050322216,53.79152849460631,76.44097154445022,62.41897009682571,7.0375266718111975,22.64944304984391,59.84097043418696,53.69668785417844,128.57299594102884,78.73047510917222,19.667427652154906,74.8763080868504,70.72708440885505,52.14337617824484,125.29803015858982,76.36497831233686,19.1064520959684,73.15465398034499,68.93739277685927,67.07103210112926,83.17743270484124,74.42499963084389,4.386802565581386,16.106400603711975,77.38513259765904,69.70310664489928,86.84665093481391,77.56050013597495,4.039671825387737,17.14354428991463,80.8514915294746,4.652446927834547,48.47706239365946,29.747340705307913,13.657707663117353,43.82461546582491,31.788800512900583
person_4_4,person_4,4,42.80397418784422,71.11222553365036,50.715079009433786,7.096879720935685,28.30825134580614,46.09114873171005,43.58813864905485,71.66794315454273,52.368932581040966,7.20501198646572,28.07980450548788,46.96374372911843,47.29901677410335,117.37461227421475,60.90882852040388,15.759744098890028,70.0755955001114,52.20032280493047,47.240491605182285,114.05514618528464,59.923727128347196,14.685355227223408,66.81465458010236,52.13393517113506,56.51661366364158,78.22871279481815,63.12984249672245,5.012824199134519,21.712099131176572,61.59071828090511,59.302223330528136,80.36742290560183,65.13226338953014,5.1162986944563595,21.06519957507369,62.82983773431161,2.625981887231591,57.341332041628064,46.25729386842806,12.159660547463558,54.715350154396475,51.11588086692577
person_4_5,person_4,5,47.0009627783346,76.45577172836533,56.15264464602154,7.056050618488527,29.45480895003073,54.47514299237818,50.06650389759812,77.54809784691288,58.852753369273934,7.210677610462299,27.481593949314764,57.2193979661389,53.31115786444694,124.97166786796038,79.38733810559042,19.31173475485509,71.66051000351344,74.89210610034098,53.1912751872971,122.06925302703377,76.44705061722502,18.378839204943038,68.87797783973667,71.89609690675223,60.71795874827009,76.49557152687007,68.14708489060318,4.118497740969552,15.777612778599973,70.36506841706051,64.05506978969161,82.67187567787808,71.73100800874568,4.797408190100557,18.616805888186462,74.70002374086295,1.919904246331066,52.41080683945754,30.41070338181776,14.71899338073665,50.49090259312648,30.273916268608744
person_5_1,person_5,1,39.84691776986835,72.44028778095677,48.60358593325037,7.923196498536457,32.59337001108842,40.93002281768954,39.19288471242988,68.33734945742823,47.99480533565535,8.055550716498008,29.144464744998352,40.6378200377315,37.75044626726208,70.3474408772341,45.784115837183776,8.146491101492531,32.59699460997203,38.9332802757003,38.93479179580032,74.42518306590618,47.23285358458862,8.69698115304663,35.49039127010586,40.44986424605341,51.53834327355427,67.4162068465046,56.079983966768,3.708461168414011,15.877863572950325,52.52233361942746,52.12773967677276,67.42957614316909,56.53294924756318,3.531491808792844,15.301836466396324,53.524594164101934,46.30797119547509,67.14468253227953,63.15842453119104,5.116855888683217,20.83671133680444,66.58795234945447
person_5_2,person_5,2,45.00110526131083,70.98992849064105,53.08408383681237,8.163763047269963,25.988823229330215,46.53104837408117,46.57864841450353,72.55316177613267,54.35645890358655,8.441720035472752,25.974513361629135,47.40852263961287,44.340724291794096,101.9154815455625,59.576508601476306,19.60340321117865,57.574757253768404,46.597190111750585,44.98562158212633,104.68172000564722,60.61531710716343,20.374776238956347,59.696098423520894,46.46801982379046,52.31636778932168,72.5535306377266,59.406299722118426,5.431184386015232,20.237162848404914,57.20899811845048,53.6634096505375,73.16839143642459,60.511342534969444,5.279514191991618,19.504981785887082,58.90501601534737,11.82862668594444,65.03297468583061,50.985949851287785,17.47778487152285,53.20434799988617,60.74539616568543
person_5_3,person_5,3,49.14285696704251,86.46755448932333,56.986032881611045,8.200881269696952,37.32469752228082,49.75542019961256,50.01193066028156,72.73350845883779,55.981750677644435,5.0581119839376765,22.721577798556233,51.439196015483176,44.26538352509835,111.007535537846,55.95539898963829,14.61748672800572,66.74215201274765,45.04362546587264,44.19048243951746,110.65378469149984,54.03939752430748,14.15548134951753,66.46330225198238,44.609524441241525,56.65083422646914,71.39647456563009,61.17005419425883,2.9382063492676216,14.74564033916095,60.37745625004945,58.83673035402699,72.0753182381334,63.09981937836331,2.712119672090586,13.238587884106416,62.20725546589402,8.132044318103528,63.24536146503159,57.11148082228099,11.7845988743024,55.11331714692807,63.07084202204933
person_5_4,person_5,4,45.26769313776195,74.64777099401698,55.05183457258162,7.590439292303132,29.380077856255028,47.34498109174098,44.654256102949645,74.1561120693196,55.45445206945848,7.228249580223471,29.50185596636996,49.27623794271362,42.12478429882395,99.67840496213503,55.04848929851468,12.790026394582327,57.55362066331109,43.55180679418178,41.12619423092628,104.46407194753266,55.868314656632656,14.170706742008223,63.33787771660638,42.89328366270478,46.298712891226266,68.62897159969476,57.06890805813139,4.783055859805791,22.3302587084685,56.46672075836984,50.2889244223523,67.83112564132252,60.08032699894102,4.357466832333776,17.542201218970213,60.369331363436814,22.352627588250783,65.7762895199539,57.520989939383576,10.132387503728104,43.42366193170312,64.30316798227702
person_5_5,person_5,5,44.33869984953882,74.0740974645235,54.20306517349072,8.020777196137521,29.735397614984684,48.47933860196181,46.93142070811216,72.42990837176595,55.62328674538546,7.289808977929209,25.49848766365379,49.53274238687472,42.65572091230684,84.62838825714825,51.817019226747234,9.717336472439788,41.972667344841405,46.14008185374776,43.82135818240495,87.43387366225555,54.41574644254254,9.694775372280246,43.6125154798506,48.59803384204869,51.942683509329335,71.84591600345288,59.31793318192855,4.531128112131247,19.90323249412355,58.27416177274846,50.78675161769635,71.04872278067332,59.10237191120649,4.205455547039207,20.261971162976963,59.21194250423013,26.09281787581624,66.53026202334377,57.78146531479999,8.701374857410011,40.43744414752753,60.19319502813245
person_6_1,person_6,1,51.28867239561416,77.17614411611802,58.61016071920232,6.452781259563517,25.887471720503868,55.57957903692767,48.85583926519285,74.4013913375876,56.465162631885164,6.673694640445535,25.54555207239475,53.48873488950438,78.45047070052823,111.91331284295084,98.9580712788039,8.142254671906406,33.462842142422616,104.78110785441204,80.47114976684452,114.46860640598904,100.3487401598463,8.132250275263836,33.99745663914452,106.33015507917308,59.80267676075994,83.34906279527983,64.7723111833578,4.553475477346938,23.546386034519898,64.8879528280489,59.01317184657915,78.94523597552475,64.03165906637904,4.257705305765047,19.932064128945605,63.88765769014418,1.5754032139926162,31.389568233929303,13.60459731891521,7.820715402878934,29.814165019936688,6.679668360552789
person_6_2,person_6,2,45.28937459202309,71.1461232690622,52.671405348032714,6.631570927082793,25.856748677039114,47.91987891696914,42.84415298232695,68.76082052705443,50.49252481384407,6.614611938733659,25.91666754472748,45.92282577614694,74.12559348650248,104.31794152263988,93.84833417970825,8.049278144141585,30.192348036137403,100.14243834697416,72.97275411389357,103.531199706875,93.12612171690594,7.833593050970539,30.55844559298143,101.53393608798724,55.62625455165967,70.26106858277059,60.138148605558115,2.5876917549551983,14.63481403111092,59.63432892283299,56.15279925539218,69.15883033839408,59.954253252616056,2.583351772745986,13.0060310830019,59.46265855298386,8.066612363421555,36.87701326345984,19.185263150419143,8.389385157320556,28.81040090003828,9.947541603952493
person_6_3,person_6,3,44.80238507400082,73.14780509121417,51.9662005030804,7.519580928100725,28.34542001721335,45.94200548747688,45.14236442755764,72.21969578267216,53.39420853528227,7.730156995803082,27.077331355114524,47.34126653245703,62.52654660456164,101.0096051988042,72.05791448749517,7.786161393643866,38.48305859424256,63.23694873334318,66.64584118668998,100.99284103510948,75.38282152268711,7.1181310923253776,34.3469998484195,67.05949286232384,55.8615651801078,76.62574746981235,60.76042220679364,4.607433853166952,20.76418228970455,57.51552096933728,55.232222417704094,73.53898078202704,60.01478348529543,4.520482269350835,18.306758364322945,56.45982233898021,18.84669858121924,43.62489673681355,36.60493813714174,5.541515548997494,24.778198155594307,43.01855804733854
person_6_4,person_6,4,40.49186174299506,71.4065055185053,47.01944001670422,7.821208382146624,30.914643775510235,42.24391027354088,40.55910148093338,68.0784716549575,47.8042775919096,7.576131129982837,27.519370174024118,42.30166030117012,58.772739432989255,103.3268304870577,72.28028903029342,8.32291368846655,44.55409105406845,73.4804180781043,61.53298351996382,98.65438723393356,73.0825440761045,7.55097524347796,37.12140371396974,73.55392443246473,53.05645285444861,71.24427893894347,56.781445336866526,3.63015884561933,18.18782608449486,56.07215674797615,52.994097314085806,70.52578672465896,57.28427180688404,3.473738161544116,17.53168941057315,56.08732651756608,25.578122490739844,45.53760299070306,36.73790671673949,5.146460373406649,19.959480499963213,33.491120922083205
person_6_5,person_6,5,40.35615528985834,69.59405183950649,48.034277677927996,7.849138756643578,29.23789654964815,43.7098160432686,39.89866210002382,71.2618140186904,48.09924080825337,8.200419557111232,31.36315191866658,42.849962201122885,68.24927606436184,104.37385614652268,79.23108562116543,6.700412968238462,36.12458008216085,84.24791343601228,69.65988091630506,101.03948905236555,79.1892462775657,6.140153437083433,31.379608136060497,82.47603800184163,53.36548781767813,66.96818530871028,57.537527795843616,2.658394555405929,13.602697491032146,57.06526611544172,53.94935218012643,68.83682564636439,58.39710129302743,3.0664925272151473,14.887473466237957,59.020008567811296,22.89073455474409,40.40763152451489,30.96688034753142,4.775156306110522,17.5168969697708,24.262071838075308
person_7_1,person_7,1,47.6036446845013,72.4647344123043,59.373486257349406,7.355217172968652,24.861089727802998,52.76661559762596,49.05359553860215,74.60405300307299,60.1125823889655,7.6048517328651055,25.55045746447084,53.37810816651297,73.73538549639275,112.65798881840728,99.44788567150228,12.136935610231966,38.922603322014524,88.80750167940481,73.87111859326887,110.86524601978648,97.68972419966651,11.399250836653593,36.99412742651761,87.15637924401626,64.49745897707629,77.04437685253468,72.21169606662407,3.320789861464055,12.54691787545839,70.05821698442115,67.0233293274728,79.41826644926758,73.97207960448094,3.3812904065488514,12.394937121794783,71.3988151288844,2.3088433127515704,30.324210442715195,11.760980955592458,8.99419511190923,28.015367129963625,17.67030663752424
person_7_2,person_7,2,43.16442643155376,69.30816812939403,54.563689696536606,6.5590507666879985,26.143741697840277,46.60162509901627,43.86777184134587,70.52804213434283,54.82024188492104,7.214750333820652,26.660270292996955,46.116910536121736,77.93707252009143,113.33289535530876,94.28494547094223,9.18178725823359,35.39582283521733,82.3835927742341,77.32275222435545,112.17667501966746,93.15896736549352,9.177434965213553,34.853922795312,81.15188270581599,63.17331014810161,77.59191506700706,69.44894460156608,3.3897806276227476,14.418604918905451,66.87013433240853,64.43983152854929,79.07489883089825,69.87512119787564,3.5575133790642406,14.635067302348958,67.40154177449396,2.268349238213371,26.68098653527917,14.551663491472741,7.522905693038365,24.4126372970658,22.16380931821215
person_7_3,person_7,3,41.7452671233494,66.35012965269934,51.88734172771439,7.692671399152498,24.604862529349937,42.636112344888126,41.69757967545224,69.55749179781034,52.64786845375511,8.540714709646684,27.859912122358104,42.26468772616384,71.23865453234073,105.82270349137396,89.36808165701977,11.000226501865681,34.584048959033225,80.0925187906352,69.94757951213485,103.76434745007596,88.09974127217848,10.648522029866285,33.81676793794111,78.71524889053445,62.31549938024269,73.2234513287902,66.29688655898273,2.978701376819764,10.907951948547513,65.47563810725342,62.586368652892574,75.13860169813807,67.04567115339134,3.4054709424832827,12.5522330452455,65.75895249576129,8.2454490668542,32.180686778729125,19.928872380389205,6.7958135286404495,23.935237711874926,23.77594482139532
person_7_4,person_7,4,44.54629903867104,69.13432233237539,53.960060149892136,6.8211995223356805,24.588023293704353,44.89942163476484,42.48713011037505,70.55024092489863,53.96149423303061,7.954154623808143,28.063110814523583,43.32850834633905,82.83240702901645,114.37436578180764,94.05933053947132,8.083204066325715,31.54195875279119,86.81938975610996,81.50396133522827,111.98261766002057,91.80141109485238,7.569929761581485,30.478656324792297,85.11738228612488,63.50371236638409,78.14577168558966,69.03333347087634,3.4360633231500035,14.642059319205572,67.23495029193889,65.01926555613181,80.26016442675329,70.3898879944497,3.238880406818377,15.240898870621479,68.75855078197685,2.553010855705728,25.211292007272657,15.66764402310172,6.035103011276371,22.65828115156693,18.188050058186064
person_7_5,person_7,5,42.906645184147145,67.28863954866156,51.02763379290125,7.190963480842558,24.38199436451442,44.14756229615126,40.41969190357485,67.65102370469398,50.05522998145073,8.544644972161953,27.231331801119133,41.43288722993661,77.10404010122548,107.562198427498,86.83471691420718,9.81674349634996,30.458158326272525,78.15162619804137,75.9412582269655,104.66130175535837,85.65201557157329,9.175316453716473,28.720043528392864,76.97303863358749,61.21362074655519,73.79765040486892,66.86053119587436,3.0468334908840773,12.584029658313725,65.61994358043663,61.50216618663101,75.43210826730575,67.1778279057449,2.791062838204512,13.929942080674742,66.5782568959101,6.663748655316335,33.97881211673492,20.909482449128742,7.129278813400462,27.315063461418585,24.935883439448403
person_8_1,person_8,1,68.31997471362132,92.84253099704372,77.68912985235559,5.283240342971994,24.522556283422404,70.73350065895924,72.61786663073642,99.74490791260494,83.19060888590506,6.452380961940181,27.12704128186853,75.82311927440004,105.6753304539962,122.69907495311556,114.6008378487584,3.814400216197976,17.02374449911936,112.05918008892368,112.26659958261828,131.24872373907155,120.031878327943,4.1536133497606516,18.982124156453267,116.809923856978,78.89581523711213,96.73872702446316,84.35426663199128,3.9176671469892383,17.842911787351028,80.86446021940324,76.51195955576873,90.67524822837107,80.41216357270483,2.298157294856918,14.163288672602349,78.40274777297599,2.6136550966501697,13.223397556985294,5.329514395557996,2.422671068312368,10.609742460335124,4.020380369208657
person_8_2,person_8,2,67.62247085722011,90.54161830250968,72.87783954344489,4.219490469278594,22.919147445289568,69.21523857534015,69.45516004751319,96.8357748562982,75.25145076601015,5.061287905004159,27.380614808785012,71.36768249680586,101.83308850581176,115.9291801694438,107.60817228243641,3.5356078896569625,14.096091663632038,108.21769991316258,104.5182152365377,123.62891297190669,109.68442227833886,3.5236905750144722,19.110697735368987,107.80889529525236,74.16277500459529,84.17721441832424,78.94416687077907,2.2554158857668463,10.014439413728951,79.8604679979326,72.0344409525739,83.73140724873544,77.82535631408791,2.521367862881187,11.696966296161534,79.68878352222103,2.31243809857974,22.099621598438183,12.52076714265814,5.900349308008224,19.787183499858443,8.292381596444358
person_8_3,person_8,3,67.7851986896169,90.7819651227246,77.60461251700642,5.548765388617713,22.996766433107695,73.15872738502928,72.27570013342485,97.69003207902756,82.53990242666981,6.38542470287146,25.41433194560271,79.11112527801306,103.67450189285393,125.21805887020416,113.80721468258533,5.633083445838659,21.543556977350235,115.022599253347,110.06714396608908,128.2394999302679,117.75704640454184,3.9999384555558715,18.17235596417882,119.4397562402375,75.86972096727712,91.25342815933304,83.55719324814383,3.8591345604789296,15.383707192055923,85.65781484306963,74.16257118619409,91.1326247516962,82.56718691443996,4.015747704919724,16.970053565502113,84.32919076147704,2.9995111905044896,23.666780986965424,8.474913824590985,6.4317411831873175,20.667269796460936,3.10591983939732
person_8_4,person_8,4,68.26583845205033,86.97532127696576,73.28725200794784,3.95904298974849,18.709482824915426,71.4923075828097,69.96984314126685,95.94758650858005,78.11862960002144,6.1928443444260175,25.977743367313195,74.67120855889502,99.5565776095124,118.11881522954832,111.00889388600572,5.009373030304667,18.562237620035916,116.1041483982854,103.6497117429066,122.17532906698492,113.8821020182195,3.7403836667656174,18.52561732407831,115.50457256415334,73.58346213285209,87.66660404841983,82.24712944381125,4.021049552746146,14.083141915567737,85.51196775286417,72.1647957709237,87.1522766881023,80.94179562811013,4.1892438761614486,14.987480917178601,84.43893692950911,2.306568377129552,24.79643312734159,8.485773682869297,7.649826361717013,22.48986475021204,2.427437993395006
person_8_5,person_8,5,60.042077178338765,81.89370698949072,66.6059711508625,6.728655108881525,21.85162981115196,61.11734872251789,63.17958374606308,86.59561697219075,69.95402959543526,7.101421537726793,23.416033226127674,64.36697024753781,98.513177126077,122.4328729266126,106.32755366184172,7.279526753943756,23.919695800535607,100.76794128559212,100.21086119744012,124.2321509156498,106.96587572163445,6.675250081801855,24.021289718209673,101.76643847791918,74.8800353882022,87.62094669972794,79.8766733943496,3.677590214155275,12.740911311525736,77.47079102999004,74.53788780418972,86.20503866021762,79.15323850088308,3.333944235571731,11.667150856027902,77.17563864477387,2.139178176963536,9.972605293526032,6.587767129320572,1.8953840459421059,7.833427116562495,7.730479117113173
person_9_1,person_9,1,78.68184793949955,106.03274050622716,88.07936314774551,9.36743204782929,27.35089256672761,79.44138518689235,61.80622077366162,82.18922326922886,68.49130766686626,6.295523209762205,20.38300249556724,62.84002641478601,109.55046052889612,135.84367357931615,118.88039170899226,8.955421488752055,26.29321305042002,111.51552817604087,90.4387020764632,112.04961612194818,96.92841998145889,6.894856061571974,21.610914045484975,92.38995292786946,61.20905304281237,67.64015434835926,63.73721224475084,1.597752144000076,6.431101305546889,62.12343475386884,65.24259233413322,73.11627609246759,68.26392276186411,1.7920081592690573,7.873683758334366,66.15753393185446,21.40818334513264,27.59528099241538,25.373390940342958,1.6485206819161267,6.187097647282737,25.443274332579627
person_9_2,person_9,2,72.50199451571477,96.3463638494097,80.9530435270675,7.020435132097474,23.844369333694928,77.2187291669579,63.33075316607202,86.49629180741833,72.16906889226466,7.848541333915958,23.16553864134631,66.51199786764661,104.46031458646765,123.79384055629107,111.69507727293332,5.285003573074244,19.333525969823427,108.52499830815304,91.64438629580486,115.36186825697796,101.37783539293525,7.009997507753339,23.717481961173092,96.2793120071031,61.7793747593687,65.01268726849652,63.2256261585324,0.7027675701912257,3.2333125091278205,62.41623661792842,64.18701110362589,66.87024386142872,65.78938495319589,0.572259262876785,2.683232757802827,65.68134309789814,23.80665968717222,33.33212823300407,27.04016298226876,2.091435041049145,9.525468545831849,26.2587194189678
person_9_3,person_9,3,62.21977803665935,91.50706292346528,72.12986259781732,7.896425211552691,29.287284886805935,68.0674668118721,58.78778277870867,77.1117866048786,65.0231313282914,4.899373649353453,18.324003826169935,62.65438871301853,97.685559341783,124.66768468493387,105.42159653061685,5.597086342190458,26.98212534315087,103.01305912174332,93.66706948261832,109.88049595842593,97.37152386526913,3.417025960357673,16.21342647580761,98.0223584847696,62.64397441490618,67.27906668449802,65.23584909061661,1.1427975080636812,4.635092269591837,65.6304082378151,64.91769637891886,68.39662309677219,66.59440391899108,0.9629991160373709,3.4789267178533265,65.81798379052856,19.254322310154038,36.585684026356525,22.675991852838944,4.695881905374158,17.331361716202487,20.22040492227978
person_9_4,person_9,4,60.06262477406734,93.58180793987655,72.32844282346926,9.078481075017446,33.51918316580922,70.98630683834638,55.37710097715364,74.92483634982993,62.124471459183646,5.3795072443034195,19.547735372676293,61.08339034863393,100.07175528823326,128.7221776231806,108.65289598715913,6.071968366132672,28.65042233494735,108.46388406360968,90.92548758149364,103.82041409053416,94.89469381565375,2.875498611704051,12.894926509040516,95.33114043774358,60.23133750821936,65.89623681641737,62.95545525165209,1.4591894021606144,5.6648993081980095,63.66583615198124,63.63563884725476,71.6765534329497,66.00127983470131,1.6094884495498512,8.040914585694942,66.20544363597193,17.844659594948993,31.95445282627428,22.27635136837236,3.8661801592106033,14.109793231325288,21.083340083639825
person_9_5,person_9,5,69.16878114747405,99.5675962196495,82.58821658915419,8.480463868851501,30.398815072175452,77.08253277728089,63.6556467692431,91.51527126860982,71.84284482387673,4.627112795797154,27.859624499366724,69.84025084344499,105.77376266352933,129.59667532266278,115.55038552102671,6.852214339276897,23.82291265913345,110.27036830941472,99.67346728595793,123.30892312517648,104.23357852361983,3.7130007174120703,23.63545583921855,102.36374068103076,65.13574434819404,69.05477663693969,67.08840478070383,0.9381701432530981,3.9190322887456546,67.87947006869979,66.73491081789064,71.9621467454175,69.3878731799345,1.0526790854645793,5.227235927526863,69.70832744412074,18.90260847045308,27.07775637748507,21.509154479230638,2.0751783290646224,8.175147907031988,20.453939705479858
