video,view,frame,timestamp_ms,fps,frame_width,frame_height,left_knee_angle_deg,right_knee_angle_deg,left_hip_angle_deg,right_hip_angle_deg,left_ankle_angle_deg,right_ankle_angle_deg,trunk_angle_deg
side_person8.mp4,side,0,0,29.997542370022696,848,478,176.88846804823922,172.547219259639,173.9403376917694,142.4479525783125,83.9212611590324,74.39102610410974,17.335445049935814
side_person8.mp4,side,1,33,29.997542370022696,848,478,177.95636286352115,171.1461169501086,174.17248996410197,138.84418211074194,84.97992116217316,83.24921817018122,17.62029464025017
side_person8.mp4,side,2,67,29.997542370022696,848,478,176.73294009842286,170.7714350075452,176.93457681012063,141.4968759668158,79.69573311063394,79.30457544991002,19.87937828163996
side_person8.mp4,side,3,100,29.997542370022696,848,478,177.52027060326157,170.66163968225146,177.3497433262096,141.74253447530214,80.88899756213353,78.28573282307957,19.61296811878421
side_person8.mp4,side,4,133,29.997542370022696,848,478,177.92298950750583,170.43965609846128,177.07892161290061,143.25029930815177,82.88356901734623,80.0419141255874,19.339290471601707
side_person8.mp4,side,5,167,29.997542370022696,848,478,177.9172943368816,170.15640694312643,177.39949419719977,139.46386662519075,82.32495105914028,80.26491541416775,19.43869523025955
side_person8.mp4,side,6,200,29.997542370022696,848,478,178.32196833347936,170.9024750431628,177.58885136784372,137.7175051057077,83.08081219507396,80.4910078397705,19.097432109575845
side_person8.mp4,side,7,233,29.997542370022696,848,478,178.38218697353707,171.088347726262,178.0667243144152,138.1576547339176,83.41050055406818,80.75281767838955,18.94646524875811
side_person8.mp4,side,8,267,29.997542370022696,848,478,178.5864047463678,171.21732609048004,177.9842087681463,136.7661462136486,83.38927093490786,82.48304545196783,19.5347643212552
side_person8.mp4,side,9,300,29.997542370022696,848,478,178.27857625379968,171.51160988660138,178.03351661631322,137.4544211377669,83.82762666944379,81.14881342015346,19.55631569915023
side_person8.mp4,side,10,333,29.997542370022696,848,478,178.56930850407633,171.3539318646653,177.91425504656004,137.48533042622682,83.23215426833114,79.8209965734904,19.687124659353447
side_person8.mp4,side,11,367,29.997542370022696,848,478,178.28733437270034,170.8507584591253,177.79154940063808,138.38631399654065,82.56502346294566,80.95963622025964,20.37880508393197
side_person8.mp4,side,12,400,29.997542370022696,848,478,178.31682297178344,171.29894523852275,177.77563063511263,138.71530995894895,82.83074663062835,80.63548181970523,20.501604539866022
side_person8.mp4,side,13,433,29.997542370022696,848,478,177.71753149079106,170.6503189319744,177.0672315324331,139.36962588188905,81.23863803005334,82.32864885752323,20.666160023110848
side_person8.mp4,side,14,467,29.997542370022696,848,478,176.5464399075002,169.37461325092664,177.060684342427,138.94007316888386,80.64879249960363,83.00448486604147,20.602605549665856
side_person8.mp4,side,15,500,29.997542370022696,848,478,177.85361160563042,169.69421993827552,176.49555771508912,137.55261674014486,84.07072926514942,80.48540157516496,18.906224682620007
side_person8.mp4,side,16,533,29.997542370022696,848,478,173.01474904988228,167.7897011009596,175.53732759994713,138.5720663002985,80.7348327877642,81.18795213838155,18.20266087890599
side_person8.mp4,side,17,567,29.997542370022696,848,478,173.03111581333914,168.3629755521196,177.47119996696773,140.7173271725726,82.75311509563228,89.5762755810853,17.07339444640326
side_person8.mp4,side,18,600,29.997542370022696,848,478,173.108521706735,167.8770047379232,175.49319275371306,145.35508511333134,81.89649825353256,80.71898064105056,18.692276488928616
side_person8.mp4,side,19,633,29.997542370022696,848,478,170.98422204874,167.57120632601294,177.29853518220824,146.47379622701953,77.81376659401607,81.48358871709846,20.5973891591911
side_person8.mp4,side,20,667,29.997542370022696,848,478,168.81372628210667,166.00776931035753,174.42046550264087,152.2648026699836,77.67987755671942,81.94568381228007,20.968666798838658
side_person8.mp4,side,21,700,29.997542370022696,848,478,170.45594078453001,167.35542675773584,174.3336760892877,149.8908486875073,78.97326199811489,84.23310175779174,20.840419126271797
side_person8.mp4,side,22,733,29.997542370022696,848,478,171.7710220234061,169.1366323414616,174.43262854161023,151.2070051889904,80.3409894498207,86.73851400694991,22.062902780227056
side_person8.mp4,side,23,767,29.997542370022696,848,478,171.8884039381195,169.8846519413737,173.6708306437851,147.58670614755746,80.57298026278461,88.49980310812492,22.056932191833866
side_person8.mp4,side,24,800,29.997542370022696,848,478,170.17306871019005,170.75839620481543,172.9872542227367,141.24771759473617,81.17933412666223,89.34069660840441,17.17833072668636
side_person8.mp4,side,25,833,29.997542370022696,848,478,172.40389864590665,172.68901896042567,169.920864970708,139.26446241352826,88.19291998116539,89.3636366366036,16.740637944785576
side_person8.mp4,side,26,867,29.997542370022696,848,478,172.9082545760004,172.78130810890679,166.4386531078112,138.99046895144048,95.06042074253196,88.7432869515668,16.818186067831295
side_person8.mp4,side,27,900,29.997542370022696,848,478,171.01093713843898,170.5819423829259,163.28520579351004,143.00299869549164,95.71218621326842,88.15719298845197,17.159674808633554
side_person8.mp4,side,28,933,29.997542370022696,848,478,169.97534731940954,166.963326030674,158.3360758461673,142.0740139205664,103.04165338020154,114.02351702508025,18.38672801454473
side_person8.mp4,side,29,967,29.997542370022696,848,478,166.24447264939545,164.73010983840314,153.16972565344554,143.96193525895308,102.40021267212624,104.00165074442444,18.180268793164192
side_person8.mp4,side,30,1000,29.997542370022696,848,478,163.75475368108604,161.8969413401091,151.23590081628276,144.95137279105222,99.84240969728762,100.32940188500572,19.140077293824017
side_person8.mp4,side,31,1033,29.997542370022696,848,478,160.48274393118558,157.56494334562657,146.96762794222292,145.92724610322819,103.55933001184268,103.85998678787536,19.004090574708304
side_person8.mp4,side,32,1067,29.997542370022696,848,478,157.9418519988304,157.24848265503167,145.62182012687387,138.6963289038422,106.22564747653206,110.77184417622261,17.11913759804504
side_person8.mp4,side,33,1100,29.997542370022696,848,478,153.75403337896273,155.27811751334758,140.8593217973674,137.65243835198686,104.9419110899626,110.402037577222,18.557233869328847
side_person8.mp4,side,34,1133,29.997542370022696,848,478,151.00729696386833,152.99158774693015,138.44348295361078,140.78478204596337,95.82786664187064,112.59202538132065,23.44793035076885
side_person8.mp4,side,35,1167,29.997542370022696,848,478,147.02280669788362,149.80308362023797,135.24419306215293,135.02082971353235,95.35720276014607,126.39971957760909,23.76743607041784
side_person8.mp4,side,36,1200,29.997542370022696,848,478,142.27039886190263,146.90702109328018,127.63138405176933,140.71156760059546,93.19270274805069,122.30642222836094,34.558567225884104
side_person8.mp4,side,37,1233,29.997542370022696,848,478,137.9185808167095,145.06450886509904,124.73522529187991,139.34883503129223,90.47095865656006,117.93897289349783,38.8442133242595
side_person8.mp4,side,38,1267,29.997542370022696,848,478,135.05281045924946,137.99698680196354,121.88839540441927,135.9629512690997,89.82945715069536,119.22076485204967,39.58155470625234
side_person8.mp4,side,39,1300,29.997542370022696,848,478,127.32324801584205,133.42131839118696,111.90023122021925,131.07066122879647,92.63344881976495,115.72173383445902,40.328786544265576
side_person8.mp4,side,40,1333,29.997542370022696,848,478,122.70676330043835,132.49737009342894,111.88437979923556,129.2913905140709,93.6853616259879,120.39244804198226,40.79862912866658
side_person8.mp4,side,41,1367,29.997542370022696,848,478,120.37789867823382,131.59653951076191,110.63203630494802,127.73741965865692,94.79091539058238,120.43157830334133,42.852050691464086
side_person8.mp4,side,42,1400,29.997542370022696,848,478,118.99170233696591,133.52360240898818,108.71234196166806,128.68322732423604,92.47626059842344,131.22539763962712,45.706342262263945
side_person8.mp4,side,43,1433,29.997542370022696,848,478,123.93702228665684,132.36049112458156,115.27769290392152,126.5372821956173,97.05397874272441,136.19353498554153,43.3425951836364
side_person8.mp4,side,44,1467,29.997542370022696,848,478,118.60303528720463,132.88893995571803,107.99849366919182,124.76004396687117,99.65552778477011,134.69733741513218,42.366248029223485
side_person8.mp4,side,45,1500,29.997542370022696,848,478,113.91092638096978,131.45132860868597,102.07064734183793,122.23847539284708,95.00401051830315,129.4449555377536,41.276409283262716
side_person8.mp4,side,46,1533,29.997542370022696,848,478,110.2406941284177,130.46596939149856,98.01972322904014,120.50662000190282,98.52116092995612,129.3815384283228,41.29691964011341
side_person8.mp4,side,47,1567,29.997542370022696,848,478,109.25661831625605,130.09949369658082,98.90145244104616,119.27254674283493,94.76402004927044,131.18811875330823,41.077180559001675
side_person8.mp4,side,48,1600,29.997542370022696,848,478,108.46922603261892,130.23084586214156,99.5215717619736,117.50061716238443,95.49146362483924,132.5499495597236,39.41122693935632
side_person8.mp4,side,49,1633,29.997542370022696,848,478,109.41971200756255,134.31037099282688,102.36904820753612,118.07198744784503,102.07943230846622,133.6923751588354,39.380184156441956
side_person8.mp4,side,50,1667,29.997542370022696,848,478,110.30425953747246,133.15265354306064,103.64976548840956,117.10717529634,103.20306377387774,133.6883922732384,39.16200160639903
side_person8.mp4,side,51,1700,29.997542370022696,848,478,110.79046696429847,132.20951882185835,104.22488339320455,116.41948224871172,104.7238853120988,132.01527402044164,38.97451245693472
side_person8.mp4,side,52,1733,29.997542370022696,848,478,110.8824942797641,131.7609805629626,104.37221328858256,116.63581165631456,100.99709754903171,131.24335413159872,38.948758667444785
side_person8.mp4,side,53,1767,29.997542370022696,848,478,110.23668427255427,129.56298768496123,103.32037075953257,116.6960137782126,103.20986334395513,131.56747348829975,38.753865895813746
side_person8.mp4,side,54,1800,29.997542370022696,848,478,110.70030138539957,129.96505167839015,103.41633156236193,115.77366871141767,97.92695867869789,128.98724371160486,36.87164336935488
side_person8.mp4,side,55,1833,29.997542370022696,848,478,112.81520218815521,132.70486156554065,105.55338710914488,119.30108512300976,96.65576346027234,125.08301526204419,38.79306902818188
side_person8.mp4,side,56,1867,29.997542370022696,848,478,117.00071271529002,135.80851762410703,110.62200804899015,123.52386786314035,93.78384799056735,127.07574850676662,37.72795207084595
side_person8.mp4,side,57,1900,29.997542370022696,848,478,119.64770637625521,135.62830708214818,113.61911717946231,124.84514256120659,95.55485350968038,126.50437084630722,35.51339297191192
side_person8.mp4,side,58,1933,29.997542370022696,848,478,122.91626906130061,134.5187199983662,117.25658893407326,128.0980481850462,95.4002201359565,125.10302387802095,33.08979133835663
side_person8.mp4,side,59,1967,29.997542370022696,848,478,125.1656667339362,135.84473468453223,119.97635763291856,130.66952268333165,99.15865935906275,123.01103468591562,30.007518793320862
side_person8.mp4,side,60,2000,29.997542370022696,848,478,127.81232925964174,137.24372583846227,123.88457394555513,133.3524244490349,100.96969787929648,122.45829430538329,28.201349257559052
side_person8.mp4,side,61,2033,29.997542370022696,848,478,135.26359413236386,139.49110283847668,132.85603340658625,131.7815657440752,102.05600420461417,120.7271077247573,21.468214965733548
side_person8.mp4,side,62,2067,29.997542370022696,848,478,143.16605272558994,141.9436282264635,140.9746448042504,137.84659049395916,102.97661701938779,127.52451226055642,23.24730155249016
side_person8.mp4,side,63,2100,29.997542370022696,848,478,145.76192179032583,145.0462675216777,142.91493004250097,136.0783663197172,112.63225105168254,125.65333247508438,17.333380587756285
side_person8.mp4,side,64,2134,29.997542370022696,848,478,148.70583085037873,145.88465408941627,144.97945630240926,139.7418993629005,112.09875244115543,118.52994039278835,16.520705587602603
side_person8.mp4,side,65,2167,29.997542370022696,848,478,152.29451796694866,150.5349827554078,147.31096965665571,139.41101480588844,107.49143516891105,123.39095023091967,14.838128427993592
side_person8.mp4,side,66,2200,29.997542370022696,848,478,155.53695276416028,153.63003875928183,149.69578022984226,141.64426401375212,105.34398446701655,120.82227987710772,15.455072541797476
side_person8.mp4,side,67,2234,29.997542370022696,848,478,158.5333983216163,158.0530673757525,151.65523109922802,138.98975456015668,103.46201506344623,111.49456853151682,15.597809495160455
side_person8.mp4,side,68,2267,29.997542370022696,848,478,162.5185190629765,162.88846573248594,155.2888363592233,136.20309898520202,100.83982225500407,103.77961071410984,15.63188316251404
side_person8.mp4,side,69,2300,29.997542370022696,848,478,166.54190482747924,163.69653498353745,160.6911254781564,140.37009732657805,96.68098078393766,105.87366042624231,15.94160103837351
side_person8.mp4,side,70,2334,29.997542370022696,848,478,168.8805412200895,165.5967932818626,162.77463007662016,140.391402075662,94.42194534098104,81.0490055972507,14.996580079175676
side_person8.mp4,side,71,2367,29.997542370022696,848,478,170.0638106355948,169.86919403205698,163.63421278316864,139.26974290086793,93.84041777874458,79.91903083949224,16.187839648990266
side_person8.mp4,side,72,2400,29.997542370022696,848,478,171.9175891307338,173.9558451388552,164.11099033897798,132.6938240938329,92.35995340296859,85.29210821088581,16.112259480456537
side_person8.mp4,side,73,2434,29.997542370022696,848,478,173.80597417154118,173.30418542664208,167.40819201483396,137.46465241417278,93.09000732069734,119.20874394651807,15.92557065214135
side_person8.mp4,side,74,2467,29.997542370022696,848,478,175.98512293134795,173.58753128014098,170.3109564883402,138.43248410032342,92.05454430696795,102.64956543473876,15.930996965031543
side_person8.mp4,side,75,2500,29.997542370022696,848,478,176.89866166158382,174.4258954630703,171.08028142754858,136.27689446986972,94.78195088749595,92.63071928394172,15.56350357947327
side_person8.mp4,side,76,2534,29.997542370022696,848,478,177.94956545846387,174.9998672303434,171.57969733988773,132.56886889775197,91.04178886701446,90.7854013763373,14.404207824010774
side_person8.mp4,side,77,2567,29.997542370022696,848,478,178.75037864678825,174.21958239472923,173.3119896628908,132.69569882937247,90.44048298520957,88.62619913734528,14.920335348391035
side_person8.mp4,side,78,2600,29.997542370022696,848,478,177.27255280575366,173.44533428452712,174.48019274481763,135.43934438743102,89.26411240941356,82.24881772063061,15.094908838343747
side_person8.mp4,side,79,2634,29.997542370022696,848,478,174.49924704898555,168.42206534389277,171.9853179957256,139.17574981206192,88.8438792230531,86.11475389645106,15.215077457443227
side_person8.mp4,side,80,2667,29.997542370022696,848,478,170.84487251376586,165.21671784656485,170.6390351751554,140.3133131352173,85.58465626216878,89.72827574577447,15.536069790436828
side_person8.mp4,side,81,2700,29.997542370022696,848,478,159.18344956483128,158.70091622839334,165.84251915946763,152.81444213915734,81.61597899871983,88.07836363837902,16.407571207505384
side_person8.mp4,side,82,2734,29.997542370022696,848,478,161.1431779273715,162.53849970543786,165.90035597286115,147.63744546608507,76.8645044902565,86.50889280600241,16.462473176181245
side_person8.mp4,side,83,2767,29.997542370022696,848,478,163.32213456082445,163.7110057317889,165.80409829573782,146.63465630834665,80.45728908793271,86.362141714204,16.96129249358881
side_person8.mp4,side,84,2800,29.997542370022696,848,478,165.25175340141274,163.08264251650766,166.44612282596722,148.0137259561473,81.03119655746148,78.718214890068,19.186717952884838
side_person8.mp4,side,85,2834,29.997542370022696,848,478,167.2425833752924,163.82117029052398,167.24860618267797,145.89090543356158,83.1299005189723,78.02547828179846,18.299913970571513
side_person8.mp4,side,86,2867,29.997542370022696,848,478,166.00263547755173,164.1822755673103,168.84858785775668,147.0706809857818,81.85610171256182,81.25233365487482,18.08289220827571
side_person8.mp4,side,87,2900,29.997542370022696,848,478,163.11986041554917,163.26841401887415,166.77258644167375,147.9386788556835,82.16554312474504,83.3878290316829,16.470514557574628
side_person8.mp4,side,88,2934,29.997542370022696,848,478,161.49721261501023,161.9861701155981,165.95979360061648,152.15955950098294,81.44019582736165,83.03540947910113,16.287077319136777
side_person8.mp4,side,89,2967,29.997542370022696,848,478,165.80453032779823,164.67479009470927,169.32150957118645,148.2470666570261,83.83580561536833,85.90712867756513,15.180068034660737
side_person8.mp4,side,90,3000,29.997542370022696,848,478,172.33944784660602,164.26455944099055,170.36776735593313,146.67413008851668,88.82944575604716,86.75873272561131,13.819488651671127
side_person8.mp4,side,91,3034,29.997542370022696,848,478,172.85723261141817,164.32321658299853,168.97062719819309,144.74026007179896,90.28508687264797,87.15127352486351,12.815406741412419
side_person8.mp4,side,92,3067,29.997542370022696,848,478,176.09148573723218,165.6855441415642,170.58662381430995,143.18430945182865,93.26783437801029,85.05277476891055,13.294661885625906
side_person8.mp4,side,93,3100,29.997542370022696,848,478,167.58892386647256,163.78051029151328,171.60745218276756,147.52899637346414,82.01802971370661,81.82344455595036,16.632856667373005
side_person8.mp4,side,94,3134,29.997542370022696,848,478,174.67109052962718,165.4110127428041,171.81711479898172,146.0091173815997,87.8885609369703,84.34451608254847,15.699408958792683
side_person8.mp4,side,95,3167,29.997542370022696,848,478,170.83946852353156,163.89256179241522,170.77602860542433,153.40035467357586,86.97857438401948,88.99401033732471,15.025505279797324
side_person8.mp4,side,96,3200,29.997542370022696,848,478,168.0065806351714,163.48808077731724,172.70638578524915,151.54452753894344,84.22986429532723,87.87489932531501,15.125187960214772
side_person8.mp4,side,97,3234,29.997542370022696,848,478,170.07499998022578,164.74088429130748,172.59185595304106,150.65116030418133,86.18484127433778,87.49732144722498,15.149265167135152
side_person8.mp4,side,98,3267,29.997542370022696,848,478,170.87679920290032,165.81048716890933,173.70268950952374,147.62948316091405,85.53992943241629,90.1531725414204,15.618491442276998
side_person8.mp4,side,99,3300,29.997542370022696,848,478,171.59520064783527,167.5822586224762,173.86307449583305,150.04177520978007,86.01782161325235,88.50389370232924,16.89686705345904
side_person8.mp4,side,100,3334,29.997542370022696,848,478,170.9312981534972,167.83174905604363,175.68541178411442,149.4945196524195,85.36947907654564,92.96155863401964,17.1595962718376
side_person8.mp4,side,101,3367,29.997542370022696,848,478,166.41288114437438,167.09066901172577,173.73203595165037,142.7884091750621,84.20469936227605,93.71167946066485,16.16767825253474
side_person8.mp4,side,102,3400,29.997542370022696,848,478,167.00237015504797,168.26109640337242,171.45456496495848,141.70672802561316,85.18728483667644,96.07780739934782,15.123504049204023
side_person8.mp4,side,103,3434,29.997542370022696,848,478,165.97234893587367,166.75908495271338,169.09013973503136,140.5668784464426,86.13099351118389,101.01579509754978,14.565923269224095
side_person8.mp4,side,104,3467,29.997542370022696,848,478,163.66040252065633,165.41745303117636,165.92205188380484,138.49023803260928,90.18198372918137,96.72478719631602,15.070972772323126
side_person8.mp4,side,105,3500,29.997542370022696,848,478,162.7598391691395,163.7872628001148,162.9345146407897,137.87007392920557,102.6131254512571,100.2563823144721,15.020667752432514
side_person8.mp4,side,106,3534,29.997542370022696,848,478,159.426122933872,160.15501750491669,159.02240886872045,137.98362951737695,98.2099830298843,110.5496258303423,15.381153180106859
side_person8.mp4,side,107,3567,29.997542370022696,848,478,155.22765491573273,150.81085244757494,155.4279217352225,147.16631738375753,99.83315462230237,116.89062881955138,15.606818294115811
side_person8.mp4,side,108,3600,29.997542370022696,848,478,152.15520191391536,150.08096908620104,151.03796908141285,144.4085171747499,103.36048274033291,113.91762688980904,15.087018672654937
side_person8.mp4,side,109,3634,29.997542370022696,848,478,149.97266642536587,151.59318756706884,148.95009980482337,138.8294829454465,102.98207426929928,126.55076903351363,15.068022475204128
side_person8.mp4,side,110,3667,29.997542370022696,848,478,145.77283454046116,150.8461580133595,141.8738431824454,137.00585819638454,105.78242850227207,127.70043139112731,16.550339204199737
side_person8.mp4,side,111,3700,29.997542370022696,848,478,142.53073076005396,147.39848073509455,139.66901183740018,132.62580445206888,108.02233048489843,133.60277536900261,14.7483455837252
side_person8.mp4,side,112,3734,29.997542370022696,848,478,138.2528407347709,144.3142305081667,135.29400015006846,135.14314220655194,105.88377541695567,126.96159206274146,16.672177512542486
side_person8.mp4,side,113,3767,29.997542370022696,848,478,135.51080872463382,146.8985284457935,132.6816320780289,124.64745331291408,100.87306932381625,138.625641744144,15.790595190836179
side_person8.mp4,side,114,3800,29.997542370022696,848,478,131.99874969629806,142.31964070493163,129.3476891665546,121.94607073408828,123.03014356901681,140.2359726538725,16.446725589766892
side_person8.mp4,side,115,3834,29.997542370022696,848,478,128.59354855658913,136.51801728782172,125.26785348453934,124.34429286674504,118.86398364200583,137.77537949570686,19.493145399045506
side_person8.mp4,side,116,3867,29.997542370022696,848,478,124.96046330739672,131.6083633523007,120.06288211306456,129.88099740341048,106.04038260618206,129.12251363864195,31.7850078623556
side_person8.mp4,side,117,3900,29.997542370022696,848,478,122.17827830050872,132.2537558349061,117.56345034476197,127.11375378825166,100.90653278077781,130.64899695199034,35.48827174618056
side_person8.mp4,side,118,3934,29.997542370022696,848,478,122.41846567105564,131.41490325079437,118.38145557010104,125.24818427473409,104.09032994900075,131.13360890977003,34.189773330165316
side_person8.mp4,side,119,3967,29.997542370022696,848,478,119.36525482634795,129.29455450349582,114.4822401011321,123.909620481116,101.66752406876864,130.76827060965323,36.390032255264686
side_person8.mp4,side,120,4000,29.997542370022696,848,478,114.85332931616186,130.29252668427088,108.8978577151487,123.48819285372558,98.53107335489985,131.83882361200418,38.85753720045204
side_person8.mp4,side,121,4034,29.997542370022696,848,478,110.22809570978934,131.73332662618222,104.35960766937482,120.15792447272894,97.02461828159996,130.55358838684288,38.070800470862565
side_person8.mp4,side,122,4067,29.997542370022696,848,478,107.81770029003243,130.29412975181052,103.48475061760278,116.61534878762816,101.63225441351595,130.80019423010637,37.611857007650926
side_person8.mp4,side,123,4100,29.997542370022696,848,478,104.70005608536628,126.81600656227457,100.7809393544588,112.39199372977603,104.89427955845507,131.79515769299584,36.74085170561964
side_person8.mp4,side,124,4134,29.997542370022696,848,478,102.91616879893776,130.14342519989398,99.87389960629042,113.85501868934878,102.77449240248352,130.63964975179186,38.54694606596885
side_person8.mp4,side,125,4167,29.997542370022696,848,478,101.85974723570816,132.21164135245039,99.44517215195064,114.02576377596391,103.32662390106505,132.91601668628732,39.73665460963129
side_person8.mp4,side,126,4200,29.997542370022696,848,478,100.90557845565587,129.41923277445736,98.70643421589675,113.24594749731797,107.68410603294711,127.79013188876267,40.641490895089504
side_person8.mp4,side,127,4234,29.997542370022696,848,478,100.84631657196432,124.62980856631948,98.70799369647351,111.47138559913728,112.49900684800217,133.22632280374296,39.83874697897476
side_person8.mp4,side,128,4267,29.997542370022696,848,478,100.61493223001257,125.14250176330852,98.62436258053596,111.67285462862569,109.09517503573377,133.692236561578,40.105477886473246
side_person8.mp4,side,129,4300,29.997542370022696,848,478,101.00276819697814,125.07231108156333,99.2739091476586,111.6536114735702,112.50063341784546,134.08684318105963,39.895889606829115
side_person8.mp4,side,130,4334,29.997542370022696,848,478,103.03565721600751,128.79875913536875,101.37061573499159,112.63324674769265,108.17362001619445,134.26792406575484,39.41994683197594
side_person8.mp4,side,131,4367,29.997542370022696,848,478,103.41815954348283,130.71885103350746,101.81623866574142,113.89122035158812,104.85037085539474,134.78874822907102,39.53671992088234
side_person8.mp4,side,132,4400,29.997542370022696,848,478,104.38550623011126,130.5128609653956,102.49321299830868,114.61836115294498,105.9197797722405,133.85522724783513,39.10698577304738
side_person8.mp4,side,133,4434,29.997542370022696,848,478,107.929728238802,131.16787667946144,106.17880190080409,116.31210813696693,106.49189952091564,135.61626300285812,37.4398847322164
side_person8.mp4,side,134,4467,29.997542370022696,848,478,110.14072835599801,132.37680051009517,107.99504515092205,119.26428334764671,104.1681179865417,132.55231151904175,36.64112881559083
side_person8.mp4,side,135,4500,29.997542370022696,848,478,114.38383205990667,130.76357536820018,112.32061434373671,122.79888345786388,105.15384999843924,128.97645830377874,35.93410363404498
side_person8.mp4,side,136,4534,29.997542370022696,848,478,115.43412386907673,126.16305883672818,113.88709038391792,125.1527615588514,106.32954948766468,127.2326322393894,34.78977714661003
side_person8.mp4,side,137,4567,29.997542370022696,848,478,118.53191099147665,125.30563829231234,117.25836032047934,127.95303492008253,106.1397595813135,127.57119259867365,32.71561600566317
side_person8.mp4,side,138,4600,29.997542370022696,848,478,120.49756880969787,128.66506263130879,120.31091497696386,129.37162429248855,106.216594951758,126.71662782539778,30.879633428867532
side_person8.mp4,side,139,4634,29.997542370022696,848,478,125.82097436868953,131.30242675759487,127.30259355159207,131.0014181263353,111.87334996777183,125.90891525260832,27.618660219591913
side_person8.mp4,side,140,4667,29.997542370022696,848,478,128.72766070342098,134.08600714497555,131.26372086061247,133.52762310690767,113.77148297273948,131.9645817390019,27.488096786393168
side_person8.mp4,side,141,4700,29.997542370022696,848,478,135.52999165298482,138.92122201724783,137.97364383389288,132.36755515290832,117.33716627702607,135.9290042496648,21.901277676640152
side_person8.mp4,side,142,4734,29.997542370022696,848,478,139.85667133712008,143.30118738590946,141.20170495852733,129.37584594961265,112.11227312916965,136.74868685263107,15.020171764959143
side_person8.mp4,side,143,4767,29.997542370022696,848,478,142.8336455379788,145.56462041711143,143.1556046864649,134.48876076935167,109.31141611972872,127.29013674733488,15.020599812642082
side_person8.mp4,side,144,4800,29.997542370022696,848,478,144.89194590150322,148.17267172588006,143.28607448669072,135.4576924890781,104.43890585275511,118.6309985457728,13.842638669098436
side_person8.mp4,side,145,4834,29.997542370022696,848,478,147.34979796191854,146.07094243095358,145.486476124142,142.3288415119869,106.38235730208392,122.38025258202252,11.955137001385387
side_person8.mp4,side,146,4867,29.997542370022696,848,478,147.4247911617656,146.87009860672995,147.98074862641374,146.03132662147232,102.31343929106647,122.14464476146742,12.326760989972465
side_person8.mp4,side,147,4900,29.997542370022696,848,478,152.00297302698712,140.68729659803674,151.01079278595685,155.26853555563525,99.40459757666903,117.14903867498562,11.82615830654645
side_person8.mp4,side,148,4934,29.997542370022696,848,478,155.14828915550518,147.07551506057766,153.64373675354514,153.29332816955878,98.56612898694634,115.6633065812985,12.386315171156213
side_person8.mp4,side,149,4967,29.997542370022696,848,478,162.13053654142547,161.41605849280955,159.97027819175375,141.01405604814423,92.95812904912256,110.72626200660926,13.628033008955422
side_person8.mp4,side,150,5000,29.997542370022696,848,478,166.01105274502237,166.47296225069476,163.79000001721522,138.30951766513493,95.45402277144775,105.22769843132198,13.533333517738019
side_person8.mp4,side,151,5034,29.997542370022696,848,478,168.2943748083395,167.97921109359987,165.9106282642738,141.2823314913326,93.18580755563802,123.69246405280117,14.731702893748755
side_person8.mp4,side,152,5067,29.997542370022696,848,478,169.9620402531242,170.15244974181786,167.68351315941777,138.19083767522218,95.11064835014749,95.62466527710043,14.503836803204994
side_person8.mp4,side,153,5100,29.997542370022696,848,478,172.48383310379785,171.57213133892012,168.9022870549266,137.08035460533338,97.06031267026705,93.79653345096543,14.1627607588827
side_person8.mp4,side,154,5134,29.997542370022696,848,478,174.34279266165322,171.88152193854629,170.70631611187218,136.6705927203257,94.3578071494338,102.47273219904572,13.168262620553989
side_person8.mp4,side,155,5167,29.997542370022696,848,478,176.05693035493158,172.1259390626896,173.17796615078063,136.95809081079977,90.32728943338432,93.72031370477896,13.791833728645141
side_person8.mp4,side,156,5200,29.997542370022696,848,478,176.83814343524185,171.5139222612575,174.36501845878277,138.75012549342708,91.14166432763173,93.43557965590392,13.866903488784265
side_person8.mp4,side,157,5234,29.997542370022696,848,478,176.7126053076844,171.75576008878113,173.70840912445598,136.32259403988826,89.98622409921316,86.2512216959533,15.09791396391465
side_person8.mp4,side,158,5267,29.997542370022696,848,478,176.82853868573505,173.09263250434879,173.27536532547688,138.23866607982364,90.63933269149638,81.69139383609826,14.80122201134819
side_person8.mp4,side,159,5300,29.997542370022696,848,478,176.29093038445865,169.48456582991108,172.32575904077495,140.03021391064868,88.57112774477456,82.10711062371814,17.208215496653455
side_person8.mp4,side,160,5334,29.997542370022696,848,478,175.6579076502029,168.3054795644211,170.56145498856628,146.8558722204706,87.61026725622516,80.79903269905819,17.39048069846489
side_person8.mp4,side,161,5367,29.997542370022696,848,478,177.09393489126273,169.08642146098282,170.595617751319,144.8570587702849,90.45477688730999,94.64064141887218,16.427308770812346
side_person8.mp4,side,162,5400,29.997542370022696,848,478,172.78117018969124,164.45853346935075,172.0949829009559,148.54039328562862,87.13092259341529,86.8238512669944,14.678274272929373
side_person8.mp4,side,163,5434,29.997542370022696,848,478,174.41972867725644,162.51406053320315,172.59877732652532,148.87418610105837,87.75046970541611,93.37406581965091,15.38825013248808
side_person8.mp4,side,164,5467,29.997542370022696,848,478,172.7454130757084,163.52027784402586,172.28450185815888,148.56429225773806,87.20402296783665,85.42157168420661,15.151010542857586
side_person8.mp4,side,165,5500,29.997542370022696,848,478,168.51634334893419,163.15118566523742,172.72675870251197,148.01101158626008,84.14456376573627,84.49851898735396,15.072110852819678
side_person8.mp4,side,166,5534,29.997542370022696,848,478,167.26316669388282,163.84143958691948,171.3900108304466,147.98608593828376,82.9045961473516,88.49149892585932,16.224687418738217
side_person8.mp4,side,167,5567,29.997542370022696,848,478,166.2469573208125,163.52399629249638,170.77984267563107,144.3476681402363,80.67038311194821,80.49198764435916,18.124921347182774
side_person8.mp4,side,168,5600,29.997542370022696,848,478,166.6600813762123,164.0842444858284,169.00407110846112,146.12669143133317,81.99145598240231,78.05638912142533,17.724066884110098
side_person8.mp4,side,169,5634,29.997542370022696,848,478,168.31958805405932,165.03570858184008,169.61265969808673,144.80713807800734,83.19437038941929,83.04091402123723,17.883318725247392
side_person8.mp4,side,170,5667,29.997542370022696,848,478,167.00993791395715,164.53991813251866,167.15824696570155,148.4038580444937,85.11995562107292,82.9286141939779,16.97771439656473
side_person8.mp4,side,171,5700,29.997542370022696,848,478,168.7887146087879,164.8535967376742,167.51932010892833,146.00014502181796,86.04529765394959,85.74666649107013,17.064457545527485
side_person8.mp4,side,172,5734,29.997542370022696,848,478,170.7011394387089,165.94697087223872,167.70494969298457,145.36398605656782,87.49388241962389,82.50112386558882,17.041837348086773
side_person8.mp4,side,173,5767,29.997542370022696,848,478,169.13683522276506,166.13442177399403,167.25176437316372,145.00146259804905,87.31787629609723,85.75193689029943,16.67645796987103
side_person8.mp4,side,174,5800,29.997542370022696,848,478,162.9502144254695,164.0165423041499,168.187833478262,150.02399343174315,85.24405886444114,87.44187295121019,16.23977789511218
side_person8.mp4,side,175,5834,29.997542370022696,848,478,168.3717600140497,166.04075238100552,172.7586393707609,144.42444106283517,82.99258040914356,87.81686345247715,17.01603444598814
side_person8.mp4,side,176,5867,29.997542370022696,848,478,167.30006572566316,166.2171549376076,173.45716103547463,144.77175539451497,83.07870365301576,88.41521014543177,16.770328858171645
side_person8.mp4,side,177,5900,29.997542370022696,848,478,167.13894027784346,165.5376832936894,173.51202374419293,144.5442554220557,83.05191572442087,89.0623570875333,16.98992651962204
side_person8.mp4,side,178,5934,29.997542370022696,848,478,165.32796095308004,163.58499275332377,175.74179505812717,146.31362205574342,81.42071818330716,93.0371354682329,16.848076212229117
side_person8.mp4,side,179,5967,29.997542370022696,848,478,168.89236515249345,165.07907901649102,175.87688663718714,146.22763366886207,81.33421304514744,85.68634469624115,17.198398626874503
side_person8.mp4,side,180,6000,29.997542370022696,848,478,173.8885621221807,167.5090120144214,175.23354402407088,145.05674086341955,84.64957702155648,85.7479790531097,17.377846118448467
side_person8.mp4,side,181,6034,29.997542370022696,848,478,173.2651102648735,168.5283411704972,174.5333232986399,149.84488791376992,86.01107808199018,88.99808784808161,17.338932160018825
side_person8.mp4,side,182,6067,29.997542370022696,848,478,172.48716990888082,168.2004957041802,174.60611371540037,151.93617422408897,87.76144348780991,92.42411179881262,16.71444634731805
side_person8.mp4,side,183,6100,29.997542370022696,848,478,172.62372249734108,165.49964678630707,174.98402147621132,152.55960992076874,87.74678834662875,87.78101587132902,18.17475028789722
side_person8.mp4,side,184,6134,29.997542370022696,848,478,171.6174077307935,170.88828344541167,173.71318711029193,141.21946411317177,87.56539680473749,96.97659981903561,17.012833180832878
side_person8.mp4,side,185,6167,29.997542370022696,848,478,169.40497056084604,170.87666977614637,171.4247697244556,139.8400392830118,89.43742180084814,100.93860650965843,17.351450311839685
side_person8.mp4,side,186,6201,29.997542370022696,848,478,167.36674122465624,168.71995671198962,168.50793776744095,140.36869227603285,88.31252304139446,99.70544704151008,17.6255203076818
side_person8.mp4,side,187,6234,29.997542370022696,848,478,165.48371944987812,166.99521969102443,164.75542575846373,139.62833038620929,93.57121366214359,102.74681580370542,16.074588486865373
side_person8.mp4,side,188,6267,29.997542370022696,848,478,163.65474492529012,165.51844424731016,162.6183887560068,139.05034238707114,102.8279540003514,107.88617232313261,16.062328607311827
side_person8.mp4,side,189,6301,29.997542370022696,848,478,157.7724090622891,157.84535657287734,157.34777612563232,144.00821208912575,104.18013089488882,122.22611785622799,14.81051351762669
side_person8.mp4,side,190,6334,29.997542370022696,848,478,154.4604262791088,151.93865850877188,153.3767799894759,146.47388512135126,103.91420165522216,120.53401136209342,13.108813520988317
side_person8.mp4,side,191,6367,29.997542370022696,848,478,152.88183378316188,152.5379629150502,151.25360686483597,142.42024819744032,103.34783768876429,117.00440205134062,14.144367425042606
side_person8.mp4,side,192,6401,29.997542370022696,848,478,149.32325722983143,149.97045633467445,147.95528947487003,140.20847993474808,105.07301216066007,120.63669927601228,14.979316769494684
side_person8.mp4,side,193,6434,29.997542370022696,848,478,146.24119651205234,146.80124631119565,143.9665615612397,135.4294080725006,105.35883073801853,130.23639472476202,12.39661662044013
side_person8.mp4,side,194,6467,29.997542370022696,848,478,144.45794056832776,142.76734961729477,141.49591609749143,136.89805172503387,106.39172713176279,125.88109393243653,13.796062760858693
side_person8.mp4,side,195,6501,29.997542370022696,848,478,140.85752959366403,143.51331526544433,137.20451695083844,132.68926662186388,108.42626322134929,126.25872303581991,15.233279537971962
side_person8.mp4,side,196,6534,29.997542370022696,848,478,137.20271524338685,143.45504928136245,134.06014417318224,125.83807516201217,109.17166452989325,138.12293773819303,15.359662537598995
side_person8.mp4,side,197,6567,29.997542370022696,848,478,129.60919718341998,138.29213478143294,129.54602839866396,129.8333847835093,122.09095893722383,136.75984348184937,21.545034252610915
side_person8.mp4,side,198,6601,29.997542370022696,848,478,126.46336835716505,137.01824738649952,124.65248780612458,134.64454955046395,108.46140416554776,135.4540795088314,33.410052403898725
side_person8.mp4,side,199,6634,29.997542370022696,848,478,124.61261211049799,132.8442844303189,121.51484911313705,131.49221652853396,103.94345846932941,137.2687755296111,35.59480526657753
side_person8.mp4,side,200,6667,29.997542370022696,848,478,123.98409814403828,134.74414377135915,120.21671984707024,130.63666916031,98.87383500150312,132.64632121491647,37.86003577255735
side_person8.mp4,side,201,6701,29.997542370022696,848,478,121.50218009135301,135.3293441697158,118.91551497832336,129.20681044956538,101.92278610153386,132.71145275531362,39.6844588083674
side_person8.mp4,side,202,6734,29.997542370022696,848,478,119.2428984094052,133.6711422762402,116.96452771760755,125.87760593696609,109.05806293220442,131.58058661004299,40.238832281993396
side_person8.mp4,side,203,6767,29.997542370022696,848,478,117.75870574134335,136.5420345151257,113.63656980770978,124.9392271489754,92.34117623628255,132.50434219179022,41.73996067230937
side_person8.mp4,side,204,6801,29.997542370022696,848,478,113.40221228229653,135.4720377879439,108.14067242478124,120.72816267754311,92.175282882613,132.45505159474283,40.60613998457941
side_person8.mp4,side,205,6834,29.997542370022696,848,478,108.83540087185287,128.47563538407408,103.31461224128896,116.19601294674406,99.98012896167523,132.1420321525895,40.0235221043597
side_person8.mp4,side,206,6867,29.997542370022696,848,478,106.13589341983938,126.58886896924773,101.83897869873286,113.97510272513593,95.72923872257843,133.67738355391214,39.91702130661469
side_person8.mp4,side,207,6901,29.997542370022696,848,478,103.94573988427922,124.96604919580344,100.25458806799152,112.46693842492257,97.44784535456682,134.5164865710637,40.421147063211066
side_person8.mp4,side,208,6934,29.997542370022696,848,478,102.37119367661792,124.98417814123611,99.31341855838897,112.10748895717856,109.4996677078874,135.28204909841128,40.181177122357774
side_person8.mp4,side,209,6967,29.997542370022696,848,478,101.76979080976695,122.69515887984838,98.90311501369115,110.67771001626096,111.43020486874337,136.10869557147302,39.4851677627329
side_person8.mp4,side,210,7001,29.997542370022696,848,478,101.38658815689108,123.56847518361083,98.81704068234805,110.7757427770835,113.68118852629092,135.91420015400405,39.35492991696816
side_person8.mp4,side,211,7034,29.997542370022696,848,478,101.77247766444799,123.69621616464912,99.21353529157231,110.38672597448733,112.60726171076045,136.8637456029093,39.03481598225847
side_person8.mp4,side,212,7067,29.997542370022696,848,478,101.75632396897508,123.85622236495685,99.3485653798528,110.19057221708569,111.7462329982035,137.0960161114936,38.630656514693285
side_person8.mp4,side,213,7101,29.997542370022696,848,478,102.95379177450717,128.15751922840536,100.36148271420613,112.4546176937477,110.9454477404615,138.41896379263488,38.924808570871434
side_person8.mp4,side,214,7134,29.997542370022696,848,478,103.07148425311718,130.15245711498963,100.56665690372829,113.99345808158584,109.89917938262367,138.01444240842687,39.794733583907
side_person8.mp4,side,215,7167,29.997542370022696,848,478,104.62146718150979,129.47513436277112,102.33836287874689,113.45384431244611,107.89405237218143,136.26965850261155,39.20087883979601
side_person8.mp4,side,216,7201,29.997542370022696,848,478,106.75067764302183,130.9446533091329,103.69105542837887,116.08999832737844,100.22597284402835,134.04734593233545,40.1799568666236
side_person8.mp4,side,217,7234,29.997542370022696,848,478,109.25004993497747,133.28706079667947,105.23764973233753,118.82311585078368,94.98259603173959,131.03650485897742,39.80603021433558
side_person8.mp4,side,218,7267,29.997542370022696,848,478,110.81844579280273,133.96677797026135,106.7601813749619,120.77675522759554,98.85505211935573,131.4379940557319,38.815163988168635
side_person8.mp4,side,219,7301,29.997542370022696,848,478,114.12495444810511,135.11486715482326,109.6572272924223,123.7311078927557,97.91975704897456,132.97101865035594,38.13945792631895
side_person8.mp4,side,220,7334,29.997542370022696,848,478,120.56906871849714,136.37056080078622,117.60549078547427,126.94237648238592,98.94226421727048,131.7172989007199,37.59248395864493
side_person8.mp4,side,221,7367,29.997542370022696,848,478,122.89619864011489,134.6940137817986,120.02123390475329,127.04175457930023,96.9446134016738,129.8316305495631,35.23821236268035
side_person8.mp4,side,222,7401,29.997542370022696,848,478,125.79281483269685,134.54013135589238,123.74350923569202,127.45673686956312,99.43097921193191,127.76424247241506,29.69558118816968
side_person8.mp4,side,223,7434,29.997542370022696,848,478,127.81562239805922,137.5959470789613,126.67760973360308,131.3028059035043,103.9568401158591,124.84253126372037,30.19332686695812
side_person8.mp4,side,224,7467,29.997542370022696,848,478,130.66284903378778,137.06021052920286,129.72778013466055,130.73909318769753,106.83505256240524,127.70428571327729,22.640072586995537
side_person8.mp4,side,225,7501,29.997542370022696,848,478,136.3326048454651,137.86413766456604,136.58344237056858,133.57925416013376,116.33644532397453,133.48690534815609,20.362268402657573
side_person8.mp4,side,226,7534,29.997542370022696,848,478,139.23675333273616,144.7466981603984,139.43218393954425,129.97250193654108,111.77774557580778,138.00430770067607,18.668829543267798
side_person8.mp4,side,227,7567,29.997542370022696,848,478,142.83664454707872,148.14853952439705,141.14103091487706,130.38247444273884,105.6920147142431,131.84555453578994,16.08196596895733
side_person8.mp4,side,228,7601,29.997542370022696,848,478,145.62000519246106,149.6584485762776,143.90283733549222,134.0178237186289,107.12409843316603,130.3605672250579,16.616621560573922
side_person8.mp4,side,229,7634,29.997542370022696,848,478,149.4593302514333,156.2260122160352,146.59534353330343,132.0063282359707,102.69865221168013,129.06887041212894,16.741000107834864
side_person8.mp4,side,230,7667,29.997542370022696,848,478,152.49358427144816,156.2919426457359,149.60379711709436,137.3561689485136,101.68087115792399,127.78238611994199,16.716654363282835
side_person8.mp4,side,231,7701,29.997542370022696,848,478,154.4266095937731,155.71747792364877,152.44692057571223,140.83821359505274,104.6130951033999,117.8770165952133,15.411324007746453
side_person8.mp4,side,232,7734,29.997542370022696,848,478,158.33021364645185,158.08226824277241,154.72362962685006,140.62155275096762,101.18689300268629,120.08929398755835,14.308898388827851
side_person8.mp4,side,233,7767,29.997542370022696,848,478,163.0312414193165,164.8119083803241,159.22505511283518,136.0687885353235,107.91287796000938,115.24469473973849,14.96419015001959
side_person8.mp4,side,234,7801,29.997542370022696,848,478,167.10173182325826,167.9749807739391,163.86516051116013,137.94495175772565,97.68251699449884,128.3423565553749,14.674998158039589
side_person8.mp4,side,235,7834,29.997542370022696,848,478,169.46971000817152,170.95947717990836,165.2414467220361,136.31911656874652,96.08728245201672,108.58060552454495,14.605750572795039
side_person8.mp4,side,236,7867,29.997542370022696,848,478,171.36228525958825,171.2087674912637,167.65519472507827,137.7640900322187,95.76004924464713,102.41731948523561,15.252567411535942
side_person8.mp4,side,237,7901,29.997542370022696,848,478,174.70128683027906,172.28004491539258,170.32798001804917,135.9203582166921,94.85671900742113,95.07510148817276,14.580359422486199
side_person8.mp4,side,238,7934,29.997542370022696,848,478,176.48031152207096,172.81154253708044,171.94394578122044,134.73763880870587,90.86671577344264,90.65026230509578,14.479045556662053
side_person8.mp4,side,239,7967,29.997542370022696,848,478,176.69259386551116,172.64152550605,171.43924090296133,136.7712717826671,91.94625129850094,78.11506882147512,15.461809526065693
side_person8.mp4,side,240,8001,29.997542370022696,848,478,176.84152037294714,171.77912969142326,170.85720005824354,138.17200306270618,91.1194002795885,83.21494133378759,16.60096773651942
side_person8.mp4,side,241,8034,29.997542370022696,848,478,176.89544285010624,171.2257950782313,171.8977985499411,139.48111326474785,90.30888485611615,85.3009206033944,15.64914917710273
side_person8.mp4,side,242,8067,29.997542370022696,848,478,174.4378538578915,169.7023131118591,173.67586885236585,143.0432107364901,86.86547026075881,83.03159099829375,15.319657456926103
side_person8.mp4,side,243,8101,29.997542370022696,848,478,179.83731227758554,168.6952512671422,171.37182271731248,140.83587251751385,94.32976641847883,88.30584008672355,13.539762600428086
side_person8.mp4,side,244,8134,29.997542370022696,848,478,171.90414206240203,164.82106622680251,172.54155467550402,146.77267479831949,86.49045529402372,86.49941826924227,13.049390363889037
side_person8.mp4,side,245,8167,29.997542370022696,848,478,171.5476457429919,165.1732306633677,170.8302061132644,146.99965880600493,89.51228573737924,88.33104694858302,11.518702661216539
side_person8.mp4,side,246,8201,29.997542370022696,848,478,167.7320527282919,164.19127494866507,170.7166612249119,146.06328685431265,86.0142981933374,86.84994816935277,12.11494943475949
side_person8.mp4,side,247,8234,29.997542370022696,848,478,169.1873570116301,165.01689073722366,171.40275354038192,146.38200642917712,87.0483489662126,86.67923860381468,12.879945500884256
side_person8.mp4,side,248,8267,29.997542370022696,848,478,169.87986532535925,164.84323359625137,171.0468102671626,147.98820284828167,87.74811150545202,87.96347843453538,12.433086610940322
side_person8.mp4,side,249,8301,29.997542370022696,848,478,169.46869022748155,164.4899247074296,170.15672163434013,148.0959250720122,87.76808792925925,88.31320738676966,12.415988913400565
side_person8.mp4,side,250,8334,29.997542370022696,848,478,171.4528753679903,165.44276657617016,170.17777336742049,147.574746605367,89.21113368253258,88.65982742668515,12.631236409020818
side_person8.mp4,side,251,8367,29.997542370022696,848,478,169.2178703180539,164.3196378610533,170.11523745343138,144.74484589350567,85.25185652866682,86.53476892482291,14.31376124442416
side_person8.mp4,side,252,8401,29.997542370022696,848,478,169.81954729247772,164.93105581612463,169.51391188507452,144.76812124115045,85.56954790169655,86.68399394681038,14.86778589772585
side_person8.mp4,side,253,8434,29.997542370022696,848,478,170.2143983141291,164.97854185069767,168.9727542770205,145.5152314392432,85.57078656488616,85.39376949427079,15.80100679331042
side_person8.mp4,side,254,8467,29.997542370022696,848,478,168.821258290498,164.8189017637716,169.36725619128563,148.64041583616617,85.15758639769471,84.80891964609387,15.854905093941314
side_person8.mp4,side,255,8501,29.997542370022696,848,478,170.44825363782397,165.44977088072415,168.9927663930402,150.96541003091386,87.67769177011411,86.34446177859566,15.008011661954985
side_person8.mp4,side,256,8534,29.997542370022696,848,478,170.98883518070548,164.67286867971893,170.1211620136735,147.05195555079834,86.84190340396877,86.4533221839727,15.340233939310789
side_person8.mp4,side,257,8567,29.997542370022696,848,478,169.8845647141776,165.0153611927835,169.96024247388905,151.00227521398216,85.61414007857333,83.42259297024714,15.693926361253567
side_person8.mp4,side,258,8601,29.997542370022696,848,478,171.29570778646539,164.5413603453871,169.71454728333325,150.63827709877827,86.47292612659396,85.52010216787686,15.74503714160811
side_person8.mp4,side,259,8634,29.997542370022696,848,478,168.8134970024242,164.18774830108836,171.6621247716703,150.3602655733752,84.23294011886102,86.22709205709253,15.466732220851332
side_person8.mp4,side,260,8667,29.997542370022696,848,478,169.54991467979607,164.7355826215762,176.0772132761046,149.42131739023915,84.2105857854495,92.23586578752878,14.887521208201125
side_person8.mp4,side,261,8701,29.997542370022696,848,478,175.7487780039857,167.1097643873141,174.41672666421152,144.15927698725454,87.67766514962247,93.1798388217115,15.137221239818924
side_person8.mp4,side,262,8734,29.997542370022696,848,478,172.5328132851705,166.84076426171816,176.11554693090412,143.63852249818325,83.94585987993676,89.71738038862304,15.16193180694363
side_person8.mp4,side,263,8767,29.997542370022696,848,478,173.74399502300383,167.9083645793834,175.2587226326944,143.84523494694335,84.96208888630369,90.41843374055912,15.81910635392591
side_person8.mp4,side,264,8801,29.997542370022696,848,478,174.31326676923607,167.71813492722325,174.2855408719828,145.44953684000888,85.1717370500082,88.43303613059167,17.40721876092535
side_person8.mp4,side,265,8834,29.997542370022696,848,478,173.02809203425238,169.6793852806096,171.06356682301453,149.73068230622155,81.94419386949718,81.41771518166576,22.33230267062665
side_person8.mp4,side,266,8867,29.997542370022696,848,478,174.57196771256392,171.0644252840112,174.17214319017415,142.3349178631922,84.80417775521252,91.98213288747698,19.65745347268258
side_person8.mp4,side,267,8901,29.997542370022696,848,478,172.7376865993492,171.67831916144178,173.52988047711733,141.62189958953346,81.7672623879636,87.11541788397848,19.891973979410697
side_person8.mp4,side,268,8934,29.997542370022696,848,478,174.16880593173727,173.0329378588775,171.58634255569513,139.7868403306426,82.7964133016771,91.66012047258255,17.63949590910869
side_person8.mp4,side,269,8967,29.997542370022696,848,478,174.14075000166656,173.28173731976233,167.88769771267,138.27866856336632,89.10173809274104,94.9107688707905,16.499848470261394
side_person8.mp4,side,270,9001,29.997542370022696,848,478,170.7670431024396,170.2575838704729,164.42911093394082,139.4235519242592,100.82564103673528,98.37172585777874,15.459184103704178
side_person8.mp4,side,271,9034,29.997542370022696,848,478,166.7554645993964,161.01886145557327,161.19192832676774,144.12221915170315,102.64855660360975,118.08921095073862,13.529360946377572
side_person8.mp4,side,272,9067,29.997542370022696,848,478,161.86093647369987,155.06017126780435,157.73966778202134,149.66817832488763,102.56236072478595,115.99163345342963,13.832691841411496
side_person8.mp4,side,273,9101,29.997542370022696,848,478,158.57728204220015,151.79369338956857,155.58954271888703,148.69598299523906,100.18966946906926,122.22544995412287,14.076862996131142
side_person8.mp4,side,274,9134,29.997542370022696,848,478,154.47767884552852,149.09069041729865,150.976120153563,147.89563413811592,103.44302697770004,121.89568803645322,14.204076566649952
side_person8.mp4,side,275,9167,29.997542370022696,848,478,150.21564222700584,143.9209159932678,146.86182883770684,148.3427661518301,106.40955228610748,123.8130381176799,13.43751141637546
side_person8.mp4,side,276,9201,29.997542370022696,848,478,144.81764688866792,142.7060039544843,140.9464267579444,141.71648324112272,105.62121381132204,117.89905041127302,12.913395505202883
side_person8.mp4,side,277,9234,29.997542370022696,848,478,140.8807025108783,143.38566733185672,136.31590556936814,136.74153641249762,107.75457845475022,140.08015784047706,13.549961870366213
side_person8.mp4,side,278,9267,29.997542370022696,848,478,138.62753758886066,138.80512579498077,135.49372823619177,137.12860576378407,102.81353113157424,134.93205550658425,13.942219417168458
side_person8.mp4,side,279,9301,29.997542370022696,848,478,133.5341072466306,141.5118903063265,132.94349028090915,130.3315898711696,116.52065814541713,141.58995432603797,15.676777428690349
side_person8.mp4,side,280,9334,29.997542370022696,848,478,130.79574644331817,136.24150359713855,130.83540312009978,130.1308915868429,120.61503363358983,140.9250349411892,18.275498733039974
side_person8.mp4,side,281,9367,29.997542370022696,848,478,126.52256177415636,132.014283784676,125.34852623411986,131.89078767467146,112.05194615143164,137.24462492486188,28.68741842848134
side_person8.mp4,side,282,9401,29.997542370022696,848,478,124.03629009993077,129.05203456716941,122.19522158180267,129.99415424691193,106.87613284303774,131.52611617171402,32.94117465378857
side_person8.mp4,side,283,9434,29.997542370022696,848,478,120.80273402052148,129.7796803696757,118.7191727907303,128.41375430667415,103.63668192155247,130.424771131173,36.18088285936159
side_person8.mp4,side,284,9467,29.997542370022696,848,478,121.50327914787476,131.27371887438466,120.68092729784642,125.54708975160605,108.09667613844593,134.1901478031273,35.332111752223504
side_person8.mp4,side,285,9501,29.997542370022696,848,478,120.15861705825466,133.05409634026273,119.1460355107613,125.30604467492431,110.07556964082639,135.0544632687182,38.24442683895334
side_person8.mp4,side,286,9534,29.997542370022696,848,478,117.39100779482825,132.24060086659546,116.60595863680139,122.80697179524871,115.93344632939473,136.12975067195634,38.79954973893047
side_person8.mp4,side,287,9567,29.997542370022696,848,478,113.14873562066396,132.53058423620487,111.8505863256677,119.93182618186167,109.183038113236,134.46047722459474,39.18513333352308
side_person8.mp4,side,288,9601,29.997542370022696,848,478,109.7613880205684,133.55442505632732,108.77213054032144,117.97611851641688,107.1486344071599,135.09243698325952,39.362844409067975
side_person8.mp4,side,289,9634,29.997542370022696,848,478,105.80506946438375,129.28129462766606,105.17832689207967,110.86894923370397,110.59318423705515,138.2943588444796,36.99507100141932
side_person8.mp4,side,290,9667,29.997542370022696,848,478,103.02538522233321,127.57527732474301,102.47671706615282,111.36078276071107,111.6828609546785,135.75461901125422,38.21362334102241
side_person8.mp4,side,291,9701,29.997542370022696,848,478,100.21492178079933,126.19946396778202,100.06979097431596,109.23274925789964,111.40417726583958,136.82610602266195,38.417480766807614
side_person8.mp4,side,292,9734,29.997542370022696,848,478,99.01914662644538,125.43069129770132,98.65709922742184,107.27477740200726,111.60730259900363,137.54021719141306,37.96141984726294
side_person8.mp4,side,293,9767,29.997542370022696,848,478,98.27830658133902,122.6494038048493,98.13701282271788,106.94559595990947,114.53242809155161,136.33139358408792,38.39527488552938
side_person8.mp4,side,294,9801,29.997542370022696,848,478,98.14085069316674,122.83656794864571,97.9290761415252,108.48370336447097,115.8838400148004,135.1818565388471,39.49051009962676
side_person8.mp4,side,295,9834,29.997542370022696,848,478,98.31524756199865,122.92714089110206,98.3702797969127,108.31258451376596,115.50398603642577,135.16090172111498,39.133356447683404
side_person8.mp4,side,296,9867,29.997542370022696,848,478,98.46820761485901,122.7831570734842,98.85628224528021,110.58732708037998,116.82492128750711,134.63645268532534,40.573376840933975
side_person8.mp4,side,297,9901,29.997542370022696,848,478,98.74116292309243,127.69681538912371,99.10159244090472,112.1083850099564,110.80701686676633,136.3732629962136,39.989537187942055
side_person8.mp4,side,298,9934,29.997542370022696,848,478,98.62894378150345,129.53857515430366,98.97302609166296,112.62518030995334,111.4305234884641,138.12381154261783,39.53140392340284
side_person8.mp4,side,299,9967,29.997542370022696,848,478,100.42974651326458,129.19409717063618,100.53912009277644,113.02159217490204,109.26018250447302,136.44922793043625,39.031353830492165
side_person8.mp4,side,300,10001,29.997542370022696,848,478,103.06167884158639,130.05529095866532,102.74777750382466,113.72764450046053,105.95017976407176,134.01817547552105,38.5016498142926
side_person8.mp4,side,301,10034,29.997542370022696,848,478,106.7459645959828,132.53678485011326,105.74924274640465,117.39662852327312,102.54055499594106,132.36936916690308,38.42384905293265
side_person8.mp4,side,302,10067,29.997542370022696,848,478,109.24264846570084,131.21556245230852,108.87185544494818,119.69992777561002,103.73493663811533,132.9912244832985,37.12675020662483
side_person8.mp4,side,303,10101,29.997542370022696,848,478,112.3229929544224,132.3307629535656,111.80868889570046,122.70554559122961,104.5521339260423,132.83592745925563,35.76982714405002
side_person8.mp4,side,304,10134,29.997542370022696,848,478,114.0838066087617,131.32558992600096,114.48601434139847,123.7333865710238,108.09374539138697,132.0295337525686,32.958363136505994
side_person8.mp4,side,305,10167,29.997542370022696,848,478,115.54260344423703,129.4198402976334,116.37347499709352,124.59670044556051,110.80627926282322,131.50817592967266,29.763874662891983
side_person8.mp4,side,306,10201,29.997542370022696,848,478,118.78878792862925,130.36152624253336,120.90762219075229,124.90322039147766,110.62175882035818,132.35361382188634,23.865096812583964
side_person8.mp4,side,307,10234,29.997542370022696,848,478,126.06284241703213,135.29423445928205,128.32067120101811,129.5898679727865,120.84284643617868,137.76021938228243,24.40815724821297
side_person8.mp4,side,308,10268,29.997542370022696,848,478,129.7951607825244,134.19604729592888,131.3979704374848,130.12997406452007,126.61043216037002,139.31762051337387,17.335748730050522
side_person8.mp4,side,309,10301,29.997542370022696,848,478,133.82316260296227,135.668684627071,135.72051820144705,133.21776180796638,126.06612645130434,139.48494632722733,16.89100205298753
side_person8.mp4,side,310,10334,29.997542370022696,848,478,139.0339548393286,143.73306558276425,139.81372931116127,132.0810518735494,112.22922284557411,136.28462913110224,15.238422113406418
side_person8.mp4,side,311,10368,29.997542370022696,848,478,142.72985923292978,147.2018529195252,142.4857030104451,132.13917232165755,113.48210489319735,134.02270636168618,12.963164613580183
side_person8.mp4,side,312,10401,29.997542370022696,848,478,144.85587563707745,150.12725723500049,143.08015838397998,134.3326123219733,109.98376920781635,131.2173748152747,12.28416645764687
side_person8.mp4,side,313,10434,29.997542370022696,848,478,148.44776182251127,143.9822987978137,144.51433236409005,145.09095682691301,105.91347502193514,121.63888540802286,12.00869536400736
side_person8.mp4,side,314,10468,29.997542370022696,848,478,152.03835961964577,140.8663776827611,148.47903132656182,152.5899251757512,104.87621178193913,118.35876058672191,10.516355601521504
side_person8.mp4,side,315,10501,29.997542370022696,848,478,155.42312176286097,151.46704559590412,151.9353575887227,146.16667671164248,99.97621840113688,109.81942139953223,11.61132394717674
side_person8.mp4,side,316,10534,29.997542370022696,848,478,161.37196824088267,160.08448926224995,155.60791685967058,141.75532211412207,102.52117338137226,113.03630947136857,12.158599579688952
side_person8.mp4,side,317,10568,29.997542370022696,848,478,166.5908132247796,167.5672565749949,159.63024564463038,136.34436107038178,102.40984821527643,108.06453447453187,14.297539991224742
side_person8.mp4,side,318,10601,29.997542370022696,848,478,169.73970684204764,171.76566831622054,163.7937623663669,132.50829132097408,97.96594281302457,103.64528490658512,14.979614976389383
side_person8.mp4,side,319,10634,29.997542370022696,848,478,171.79718881486346,172.5327539648142,166.01514840663742,137.02452856290688,97.62486547725882,108.71977172703028,14.963169101788512
side_person8.mp4,side,320,10668,29.997542370022696,848,478,173.46519041897662,172.6628717505695,167.83653706979615,135.55615954296883,94.40495637225442,95.98759599222807,14.27646040204047
side_person8.mp4,side,321,10701,29.997542370022696,848,478,175.56007650585096,172.7515974425429,169.09701239559004,136.07263030032192,93.16168597212933,90.60142328349912,14.369450179122724
side_person8.mp4,side,322,10734,29.997542370022696,848,478,176.85029088197513,172.72297601820608,170.48698308149838,136.5994005508097,93.71786461793342,87.57985764504198,14.38154332242083
side_person8.mp4,side,323,10768,29.997542370022696,848,478,178.41479271163288,173.422242481809,171.96360508298295,134.01142986919277,91.81286343146047,85.81028708590479,14.769000757465513
side_person8.mp4,side,324,10801,29.997542370022696,848,478,176.70008900413646,172.8787919297073,172.90389983266067,135.17154463869397,93.13310746137037,88.32119337761348,15.056432696950049
side_person8.mp4,side,325,10834,29.997542370022696,848,478,175.58066703001217,174.16154685436481,173.80060085263585,135.2449048649415,92.31921022557484,81.07222340808363,14.275273451196345
side_person8.mp4,side,326,10868,29.997542370022696,848,478,175.53354703956293,172.19986884571009,174.0850162467941,136.05407581643703,93.15975033744559,79.50971832178983,14.197209490953137
side_person8.mp4,side,327,10901,29.997542370022696,848,478,174.8137733792911,171.12076849598665,174.5732988060154,136.94448574494126,90.78871764637809,80.0735332017923,14.49946651369753
side_person8.mp4,side,328,10934,29.997542370022696,848,478,172.1465878348302,168.5624903189254,174.75913720857233,144.2516004413434,88.21472452859658,81.78073318718967,14.197186444324915
side_person8.mp4,side,329,10968,29.997542370022696,848,478,178.63259089256164,167.0275930362449,169.5935740221616,141.36973405437868,96.46157511778756,87.09305175655427,13.150140420943915
side_person8.mp4,side,330,11001,29.997542370022696,848,478,178.79947789570986,167.14640722923212,170.57927100271814,142.66319780705086,97.64975480499427,86.63908108856486,14.591434579867386
side_person8.mp4,side,331,11034,29.997542370022696,848,478,177.6705684808072,167.0384178910153,170.9926733511173,143.06979437207147,97.75692730546798,85.09936414117169,14.10304401333726
side_person8.mp4,side,332,11068,29.997542370022696,848,478,176.87936924084443,166.85552933331874,171.51278063035053,142.27036723909563,96.6654200418072,87.01391015636939,13.851155988221137
side_person8.mp4,side,333,11101,29.997542370022696,848,478,176.7948704704627,167.66341960863548,170.995126597106,141.48581092091132,93.78772769685871,92.30339036905151,13.699876415971469
side_person8.mp4,side,334,11134,29.997542370022696,848,478,173.87861651590208,166.80072064261665,171.50112768481944,140.70420467896795,90.76681946389625,89.78918676086221,13.214196158919856
side_person8.mp4,side,335,11168,29.997542370022696,848,478,171.4072302889334,165.66963330498535,173.02430178580346,140.4475035688523,88.10386855424267,89.6163102511632,13.368547214642078
side_person8.mp4,side,336,11201,29.997542370022696,848,478,170.54094546567478,166.27507630233865,173.113268737332,137.62936582099658,86.15101098364677,88.22442243411516,14.725867578403498
side_person8.mp4,side,337,11234,29.997542370022696,848,478,171.82776633179114,167.23146515435303,172.77280521457592,138.44029772618666,86.2164303390187,86.17744606423308,15.93426702017088
side_person8.mp4,side,338,11268,29.997542370022696,848,478,163.49130984722387,163.83641712993457,171.90910211144183,146.77163820317458,80.60062441118787,84.13298010784165,16.717180873693348
side_person8.mp4,side,339,11301,29.997542370022696,848,478,165.6053318141304,164.10313838566836,171.92446301356497,148.01685319043122,81.84643035825965,86.62301161852068,16.503933636536765
side_person8.mp4,side,340,11334,29.997542370022696,848,478,167.42231084689385,166.46558050241487,167.6231473696451,146.61226408683737,86.64773258271167,89.92089971148046,16.09339985210013
side_person8.mp4,side,341,11368,29.997542370022696,848,478,169.47117823351397,166.9742712205078,169.2242972348411,145.41708330934492,87.83047993068692,93.28793685693802,15.291908090395864
side_person8.mp4,side,342,11401,29.997542370022696,848,478,170.50120934853803,166.5690223785037,173.30676315369786,142.99874909723906,86.4175821045665,97.42064970241759,15.234732576534878
side_person8.mp4,side,343,11434,29.997542370022696,848,478,171.42316413383335,168.9595931419295,174.41594362962056,145.14734701511935,85.33913100116877,90.18321960699178,15.722830062932417
side_person8.mp4,side,344,11468,29.997542370022696,848,478,172.35097373056306,170.4348002418749,175.83386058607925,146.97401230196263,83.65327028567503,82.67983756384203,17.901110752462966
side_person8.mp4,side,345,11501,29.997542370022696,848,478,174.10719834168205,171.3519119545401,175.47736099358903,146.11261535136805,85.45214637639474,83.28110054847905,18.01515184373621
side_person8.mp4,side,346,11534,29.997542370022696,848,478,175.73435085918925,172.49843139937926,174.58708108695242,137.98676851263002,85.36532781201099,86.9112976057759,16.696499080034776
side_person8.mp4,side,347,11568,29.997542370022696,848,478,174.4034267831676,171.8444574789971,172.30220845502905,139.2760713101104,85.1022833781899,89.07505185345278,16.904395182916392
side_person8.mp4,side,348,11601,29.997542370022696,848,478,174.22787322836484,171.99479659865005,169.24197324656132,139.6486365286315,92.75854488488578,91.57439250321,16.15287309250463
side_person8.mp4,side,349,11634,29.997542370022696,848,478,172.41031861299376,172.25792220438734,167.00633962333043,138.30237530918635,94.85959545870924,97.1115706143513,16.070836717954407
side_person8.mp4,side,350,11668,29.997542370022696,848,478,170.22419310911698,171.15320759733882,165.54286427012227,138.03878606070285,99.17551105811853,107.56387818652921,16.660043842938705
side_person8.mp4,side,351,11701,29.997542370022696,848,478,168.5356033111681,167.15359017741207,162.6517922257795,139.55383626713225,99.52240080228773,105.17919924598367,16.72278830535907
side_person8.mp4,side,352,11734,29.997542370022696,848,478,164.2834600828273,160.17628063178518,159.9456166536153,147.59483256085394,91.88976312151715,116.51760132780853,16.723747773611457
side_person8.mp4,side,353,11768,29.997542370022696,848,478,160.5885572566135,156.57189314563365,154.34960988853277,146.7490426161429,102.25079467881014,124.36961440252597,15.978677304907704
side_person8.mp4,side,354,11801,29.997542370022696,848,478,157.25861684979918,151.007075231142,150.15305611615224,148.46613527308037,102.28154797153773,124.66100367116147,15.97119113778143
side_person8.mp4,side,355,11834,29.997542370022696,848,478,153.04939799413143,146.3174767453695,146.66384025465865,147.60879117559156,102.07840122234849,126.22289067736878,15.624711933337226
side_person8.mp4,side,356,11868,29.997542370022696,848,478,150.5841152387012,146.93886501410861,142.70876763160288,144.04063245336022,102.92602706720882,124.13753742230222,16.452207285376673
side_person8.mp4,side,357,11901,29.997542370022696,848,478,148.31934177460175,144.43483326947225,139.99118592352022,142.80945150649052,103.98713859140847,118.98411923602582,17.436123722133914
side_person8.mp4,side,358,11934,29.997542370022696,848,478,144.5801684179549,145.7142206802102,137.39452629396777,135.1709421854185,106.83585287453631,121.60089522433172,16.924898602073903
side_person8.mp4,side,359,11968,29.997542370022696,848,478,142.63857638790634,143.7828319273092,134.41833193907843,133.51601773856672,112.94456277680004,108.03383755066153,19.522953124553947
side_person8.mp4,side,360,12001,29.997542370022696,848,478,138.880832159987,140.54942800405584,130.4884939701519,134.3359129445083,104.27767577346778,117.05345174655778,23.209059737363088
side_person8.mp4,side,361,12034,29.997542370022696,848,478,135.22657643859938,138.84076065853773,128.34839169934065,131.14535953949354,102.71199701417788,119.61488373017778,23.465850704488645
side_person8.mp4,side,362,12068,29.997542370022696,848,478,129.19067033305296,138.61410497452778,120.86745094583213,131.79263511222132,98.53596081675737,126.87491394754768,28.908407455978402
side_person8.mp4,side,363,12101,29.997542370022696,848,478,123.90147504275627,127.54055777423909,115.76311874953622,129.07548956588198,94.89716636674842,118.56432526926943,32.24960411876386
side_person8.mp4,side,364,12134,29.997542370022696,848,478,121.87753160315991,130.39445349251082,114.19097578540513,127.37750823765329,95.96966094792933,127.2354403321978,35.118462992887046
side_person8.mp4,side,365,12168,29.997542370022696,848,478,119.75072501668694,132.53878727083315,114.17320716774546,127.64852305701939,96.9444541942175,130.5386320460562,38.08651806620744
side_person8.mp4,side,366,12201,29.997542370022696,848,478,117.41806183808164,132.1087140446441,112.69159128898515,125.86158098901836,95.81408659062333,128.60070991129302,40.14143991871364
side_person8.mp4,side,367,12234,29.997542370022696,848,478,113.5072932149376,135.28533934693962,108.12930319776233,124.90497782154667,97.03879750137949,127.62783636634923,41.33914673934327
side_person8.mp4,side,368,12268,29.997542370022696,848,478,109.84787512991882,135.86447330879182,105.80858978904736,123.03784596257768,96.60843034587539,129.25073366657327,41.11246972316255
side_person8.mp4,side,369,12301,29.997542370022696,848,478,105.6704263053254,132.73894265807385,101.5253511069147,119.29646886465869,99.95723396317723,128.47235595906776,41.00860968144131
side_person8.mp4,side,370,12334,29.997542370022696,848,478,102.14967475934588,130.47920075021193,99.60820637640612,113.98486070495616,103.53434799023157,137.2445927489873,38.77641020917735
side_person8.mp4,side,371,12368,29.997542370022696,848,478,99.74231295779417,129.27722626457665,97.87360980395849,112.11929148259657,105.5059376230547,137.6650730285422,38.61498421457521
side_person8.mp4,side,372,12401,29.997542370022696,848,478,97.69756905943181,127.8223485452428,96.51887612045144,110.24728185476076,112.18455256193882,139.2737157525626,38.779555598624725
side_person8.mp4,side,373,12434,29.997542370022696,848,478,96.10216189105186,120.15380075527636,95.18314546895513,105.34959364747228,118.02886779082203,137.3443565025846,38.06962198653276
side_person8.mp4,side,374,12468,29.997542370022696,848,478,94.75078466156351,119.75651177733238,93.5238045510628,103.91287348330454,113.82171625149223,134.7082287700403,38.31557070936618
side_person8.mp4,side,375,12501,29.997542370022696,848,478,93.30740575658572,120.06438108445188,92.18419174060926,103.21864489781025,111.78713345004053,131.85070383073852,38.90059685431186
side_person8.mp4,side,376,12534,29.997542370022696,848,478,91.949108184969,120.09807165983861,90.90288315660763,103.7024379401819,107.47873928430803,130.90180852743484,39.46719645465544
side_person8.mp4,side,377,12568,29.997542370022696,848,478,91.8370719531796,120.50482337383838,90.71099784831858,103.74494624650666,112.04578698739797,132.86716066995703,39.69906147828458
side_person8.mp4,side,378,12601,29.997542370022696,848,478,90.98333585840625,120.56765748886322,89.69630095257327,104.0896633757509,114.42011145487962,132.12333457435125,39.65898290961334
side_person8.mp4,side,379,12634,29.997542370022696,848,478,90.99397846699856,120.71835334071018,89.77963466648032,104.49673986574146,108.66554159600375,130.80461262032222,39.2399037852441
side_person8.mp4,side,380,12668,29.997542370022696,848,478,94.70523286635621,123.32681670960825,93.5810156509863,104.6973602472284,109.80583875498101,132.67058646379573,37.94394971776949
side_person8.mp4,side,381,12701,29.997542370022696,848,478,95.65794869040153,123.20381631055258,94.01420153297306,105.05494568618296,107.6585768216667,131.13718515087422,37.50601918031618
side_person8.mp4,side,382,12734,29.997542370022696,848,478,97.91598433708899,125.62028700720232,95.95787778052049,107.94747572216484,106.71162924650808,133.65681180781607,37.772585298403705
side_person8.mp4,side,383,12768,29.997542370022696,848,478,100.90523533581889,129.2602254268635,98.6069411243859,112.54609026894563,107.13654767382612,135.92224402292112,39.36306631266381
side_person8.mp4,side,384,12801,29.997542370022696,848,478,104.32554902330833,131.30975748087158,101.53595297654867,116.09546681572934,103.1962907820486,132.62194807264902,39.09269910253071
side_person8.mp4,side,385,12834,29.997542370022696,848,478,107.90649167634909,132.74286070784993,104.93576847408858,119.062288721952,99.64004311082529,130.4769354488815,38.123320761994556
side_person8.mp4,side,386,12868,29.997542370022696,848,478,112.86746619178271,134.41346025818982,110.51355643259761,122.29640786953688,100.7373234695673,129.2392312111432,36.8409565536117
side_person8.mp4,side,387,12901,29.997542370022696,848,478,114.37055813323691,134.79628667296657,113.18998367973593,125.8625450446357,102.59252265825305,129.1997263236315,34.451542897590876
side_person8.mp4,side,388,12934,29.997542370022696,848,478,116.89542226855471,131.84893949829814,116.8739132975161,128.64815681249104,109.70095063350422,128.49914570858255,32.965303537966555
side_person8.mp4,side,389,12968,29.997542370022696,848,478,116.5662394381728,129.3308083129628,116.3294731260594,130.8372362148427,110.40530204892693,127.10714980341555,31.37377947619198
side_person8.mp4,side,390,13001,29.997542370022696,848,478,120.712819610169,132.02045881348891,122.17855507613555,130.67674481925872,119.47995141614628,130.8040872298434,24.435134518110676
side_person8.mp4,side,391,13034,29.997542370022696,848,478,129.45717413878035,133.15515223689488,132.53485735004264,128.79014031362908,128.56574119802826,135.25777045563612,16.58616229962741
side_person8.mp4,side,392,13068,29.997542370022696,848,478,132.0869262661743,136.3767983273638,135.3436826775497,129.6731657565221,120.6178606139575,138.1371183969501,13.692117343496186
side_person8.mp4,side,393,13101,29.997542370022696,848,478,136.07155125175495,143.23573153310664,135.42421521856883,130.2335825469083,111.07878978088051,136.0725701546708,14.008458029401787
side_person8.mp4,side,394,13134,29.997542370022696,848,478,140.35534223984908,144.27824919658534,139.1523611981702,132.83157338092818,108.24119838583798,130.67489727386803,12.537289060861012
side_person8.mp4,side,395,13168,29.997542370022696,848,478,144.89816273623566,147.94420009398308,143.19048568734618,134.20152529236253,107.27904010182591,124.95554435744667,11.821816940920165
side_person8.mp4,side,396,13201,29.997542370022696,848,478,148.86157690374617,147.4256735622289,146.50404203602926,142.22581009725766,103.41818645714034,119.81162246944545,12.342790879136178
side_person8.mp4,side,397,13234,29.997542370022696,848,478,152.5378822004245,144.24565745251044,149.43799985094853,149.91124731151453,102.59191726883351,116.86742554091263,11.286806904186491
side_person8.mp4,side,398,13268,29.997542370022696,848,478,155.16793240784287,151.62465988906763,151.97277070189034,145.4273041284396,100.30636388905539,117.3490622249966,12.47436026671528
side_person8.mp4,side,399,13301,29.997542370022696,848,478,161.75687407282575,160.9995051053608,156.89562959055496,140.61396524532384,103.88834646028553,111.42134601101074,12.941752303791139
side_person8.mp4,side,400,13334,29.997542370022696,848,478,164.99275780406253,164.28594296336348,159.02169345667502,140.46090418321836,101.98142141957538,108.33091160709064,13.25327618990161
side_person8.mp4,side,401,13368,29.997542370022696,848,478,169.06584259168272,170.0471518096768,163.6449212211157,137.06217448830003,94.65978223223244,93.44239590159182,14.95715730832042
side_person8.mp4,side,402,13401,29.997542370022696,848,478,170.93014076104697,171.74957070697172,165.6717983764521,137.1044167265433,100.97971070915196,90.42408069710761,15.014429795463496
side_person8.mp4,side,403,13434,29.997542370022696,848,478,173.7969861559886,172.86306225214295,167.96291745452763,136.61108787068127,93.5616367334116,94.61553536367808,14.232464662028713
side_person8.mp4,side,404,13468,29.997542370022696,848,478,176.18313832952705,172.9067605356899,170.05904129854065,138.1752982934882,94.52293689530747,86.669722607627,14.306674646171368
side_person8.mp4,side,405,13501,29.997542370022696,848,478,178.57676507629475,174.01122645855517,171.91676542101206,134.9063027176756,94.70521251244045,88.63812415020223,14.643514255825773
side_person8.mp4,side,406,13534,29.997542370022696,848,478,178.46022113299702,174.12330536507076,173.24394477775803,134.7028087342494,92.98912976400324,86.96700361535287,14.98854804151274
side_person8.mp4,side,407,13568,29.997542370022696,848,478,176.1186536302502,173.37289248153516,174.96647960567987,135.61851167068946,90.75385246230837,89.14691508742432,14.506676160692082
side_person8.mp4,side,408,13601,29.997542370022696,848,478,177.0777555873338,173.1396107699462,174.0219473043135,135.65650363402943,92.59809706362729,88.49273401554345,14.358066996147866
side_person8.mp4,side,409,13634,29.997542370022696,848,478,176.7209614217095,172.5892363133262,173.65964358994412,134.63739572013554,92.95986539299957,81.5002214500356,13.5805606710252
side_person8.mp4,side,410,13668,29.997542370022696,848,478,177.74428572529123,171.6837692694788,173.4660441956267,143.42433426522862,93.44200211099258,86.94305343324667,11.182164025319024
side_person8.mp4,side,411,13701,29.997542370022696,848,478,177.378863180409,169.60958399985347,172.47652596175166,144.19901655228063,94.41789735372099,87.53702608236328,11.951309330508229
side_person8.mp4,side,412,13734,29.997542370022696,848,478,176.62442888231965,168.75229677704098,172.16996837476384,143.2162634350841,93.8905580502334,86.42013971196431,11.829970601745552
side_person8.mp4,side,413,13768,29.997542370022696,848,478,170.46123579690723,166.8986509918027,170.46990711370452,144.58940360551586,87.2729546726093,89.7474096461208,13.761580645044143
side_person8.mp4,side,414,13801,29.997542370022696,848,478,175.5868964733734,166.05523211404244,169.1572156311645,143.93976468975092,92.46631804459724,92.41415190196523,13.793989057185103
