participant,view,rep_id,cycle_percent,left_knee_angle_deg,right_knee_angle_deg,left_hip_angle_deg,right_hip_angle_deg,left_ankle_angle_deg,right_ankle_angle_deg,trunk_angle_deg
person_14,front,1,0.0,64.89830328375523,70.72917282597129,105.79948168224192,112.0813481445969,63.98645238985852,65.22936292531406,18.294868224134454
person_14,front,1,1.0,64.64722540040331,72.28847467861726,105.81393123316305,114.34296132212356,64.12976560051875,65.45576386449693,17.974959295397113
person_14,front,1,2.0,63.49441533320186,71.67999882663709,105.77001863850512,115.32397260334153,63.79404265246317,65.25555223389516,17.251094906840827
person_14,front,1,3.0,61.884747042248094,69.84375999081631,105.53989095448163,115.32540356383164,63.251122504229464,64.86002160463222,16.421180842796833
person_14,front,1,4.0,61.0146518285367,69.20783520361358,104.65874710043877,114.90140362376872,63.25949620091535,64.90728449485492,16.362541639425782
person_14,front,1,5.0,59.30247229043186,64.79601664825462,103.40682968513012,111.22376804582593,62.87772905431806,64.4066303613508,16.3146144220476
person_14,front,1,6.0,57.99708948995717,61.215326125664724,102.67419374938687,108.32369203561079,62.86039332877764,64.19508117659375,16.124731577551255
person_14,front,1,7.0,57.819764479131386,60.97427573886222,103.02699741227005,108.407586367633,63.670238843992216,64.75978024724385,15.683762854011327
person_14,front,1,8.0,57.205572141418365,59.47137883952372,102.90819028855063,107.60606220349976,63.560816692452626,64.44466571879168,15.495478977694715
person_14,front,1,9.0,57.09535484646218,58.89304160651889,103.35836215709774,107.73638982421922,63.99818039554651,64.62883464814348,14.719970784166664
person_14,front,1,10.0,57.18071985101233,58.7735994431618,104.09856000919977,108.40924642153419,64.68851810341617,64.98881904787375,13.567361037989485
person_14,front,1,11.0,55.84021054991072,56.547243560316666,103.65596506823276,107.53197890022605,63.98227632574443,63.72802451783991,13.109361286516762
person_14,front,1,12.0,54.61629575876489,54.817210407357145,103.12792170866055,106.62920678609284,63.33733017131629,62.785502096495094,12.972980973082905
person_14,front,1,13.0,53.2668428321323,53.127036250725794,102.27248436961395,105.4250424510023,62.64333086811715,61.71953043374554,13.07440535489958
person_14,front,1,14.0,51.56648908672493,51.14157925561572,100.79894802136991,103.61133397305808,61.80021930092922,60.15322978297711,13.426869529236228
person_14,front,1,15.0,51.11219107189092,50.39285364509277,99.86779637936485,102.39985406957418,61.94194256068881,59.86808206704185,13.772594045193648
person_14,front,1,16.0,51.232760824151775,50.46891954330137,99.81515643564687,102.27342228738031,62.409797665744044,60.19757282025483,13.682241008003443
person_14,front,1,17.0,51.681910440695276,51.077844999706194,100.63791756251717,103.15286039151982,63.01414466929312,60.958608161547076,13.054727457994069
person_14,front,1,18.0,51.047687810893365,50.241903152875814,102.1003863519365,104.07808724768631,62.775537467565464,61.25294337139396,11.386747017256884
person_14,front,1,19.0,50.5632597984566,49.658600617558115,102.50286179192106,104.40183611650221,62.935954220969,61.44639387074045,10.54514127874881
person_14,front,1,20.0,50.129566548419284,49.33171249408801,102.77585172400347,104.8956993005039,63.024294912119906,61.691266886316726,9.847650641996259
person_14,front,1,21.0,49.6537473907825,49.36943488866886,103.93223783345151,106.51198490844091,62.4719999326315,62.18277001744367,8.57153880461717
person_14,front,1,22.0,48.07380583576014,47.70355183778913,102.20003048257253,104.4026600091391,61.68988996918164,61.725164928401085,9.565785727653605
person_14,front,1,23.0,47.13203930160808,46.60993228401613,101.02298404179396,102.92547969261835,62.17091258141682,61.818176697062604,10.261373917141201
person_14,front,1,24.0,47.086315144562604,46.42703851534076,100.99523668783432,102.7937633000808,64.07696949284723,62.70310352068514,10.198358892055458
person_14,front,1,25.0,46.64887753815406,45.69120722835837,101.42273455481948,102.57467640209822,64.84575464508337,63.575012453898914,9.545905106482255
person_14,front,1,26.0,46.11628049075396,44.854455465703175,101.19443749314071,102.01754024824936,65.2281347798163,63.95759520780573,9.324255526690544
person_14,front,1,27.0,45.58632510986747,43.87195698842363,100.4864423389926,101.12884384287092,65.76784624350461,64.0557078939295,9.502127895430306
person_14,front,1,28.0,45.229038712303776,42.60072168637608,99.38682709789117,99.77054491910374,67.47438353168718,64.09495445945386,10.205354282516822
person_14,front,1,29.0,44.1556827188907,41.330861459376,98.16903090584768,98.44907375432116,67.05170008913775,63.97037197398175,10.748232934713501
person_14,front,1,30.0,43.210058420234304,40.53245953037261,97.31364614760341,97.76063010310912,66.40032360568341,63.95092355634785,10.952139806937822
person_14,front,1,31.0,42.644449513345045,40.38053810956884,97.01181968118875,97.94866845777196,66.04078423458967,64.12602490136409,10.71458548359492
person_14,front,1,32.0,42.5272373780646,40.40616411858669,98.488858933429,99.64739589403233,66.55856061010192,64.67405922320972,8.883061319763883
person_14,front,1,33.0,42.47746214431394,40.605572181949405,99.79590006995649,100.98593138514872,67.05889923922528,65.43158261877188,7.369193728625365
person_14,front,1,34.0,42.43586922907622,40.84912926980495,100.77488079913482,101.94037347455895,67.51833099535688,66.22713118579371,6.220237868346886
person_14,front,1,35.0,42.24880383515686,40.811711441211195,100.86887969154375,102.28593419664027,67.85744364440197,66.62210688503497,5.7148347693984505
person_14,front,1,36.0,42.03120464661008,40.28391857176633,99.64053973833235,100.9965272186105,68.35946714370755,66.55334523642514,6.536459782312
person_14,front,1,37.0,41.685982310824436,39.76790911696529,98.2664602676109,99.48813772387462,69.00349921514817,66.53849608651001,7.489271236920345
person_14,front,1,38.0,41.14610975655834,39.48515486100295,97.2320907618132,98.33656420857622,69.80784078431948,66.81392937466727,8.076609701123308
person_14,front,1,39.0,40.679652882372785,39.27863779191068,95.04690290245917,96.84693772848122,70.29274694706699,67.53745908749653,9.408492882082957
person_14,front,1,40.0,40.33008467515973,39.03684630648392,93.85307259358302,95.93659960776424,70.74754823539315,67.16190163606781,10.10314019428313
person_14,front,1,41.0,40.05354837827735,38.760827082205196,93.44567069979797,95.48660288134313,71.15567590595627,66.22897664214531,10.263577155864974
person_14,front,1,42.0,39.69024327906986,38.45656699408066,92.99613024328326,95.05732782237189,71.39734141478628,66.95691134267865,10.295138085843687
person_14,front,1,43.0,39.326579233025775,38.32201606287094,92.22660132653353,94.41617352874759,71.49601708501159,67.72077815630799,10.584856477134148
person_14,front,1,44.0,39.02481894430815,38.222490096782664,91.52831865189125,93.86896558811529,71.61415499608249,68.34769985652603,10.85918012503534
person_14,front,1,45.0,38.84452558053074,38.07868208774437,91.1823823816896,93.64665560174363,71.8655081944222,68.68253913128278,10.93165666754943
person_14,front,1,46.0,38.71734348585531,37.71504578469084,90.0922241363552,92.30481458727839,72.91776320188852,68.70292372539107,11.890933401331818
person_14,front,1,47.0,38.59099088690008,37.42314882919264,89.12077707186894,91.25447132225831,73.40033078375151,68.69700611725548,12.694266648186048
person_14,front,1,48.0,38.460740324312155,37.22132999802553,88.11757407799684,90.33741672532985,73.30353174536027,68.71282818367182,13.494635194447996
person_14,front,1,49.0,38.32290725302706,37.0892216011511,85.59724490042147,87.74684305007327,73.20582525654449,68.9177957904747,15.886300083624008
person_14,front,1,50.0,38.20011083164611,36.96463290011718,84.44266681067268,86.56229397507418,73.32390031548124,69.33476484209004,16.8550209674835
person_14,front,1,51.0,38.13633316705419,36.89894648106966,83.97057241287673,86.11563079632508,73.68323623659572,69.70431960155359,17.121200859584977
person_14,front,1,52.0,38.198039702055844,36.96598389472067,83.75768809857054,86.01981419886603,74.40122123419036,69.74898174441472,17.137608109960087
person_14,front,1,53.0,38.33944151689988,36.74410528399836,84.06071646016882,86.03008227196446,74.99124472380686,69.93725804320559,16.862770440805818
person_14,front,1,54.0,38.31512346718268,36.6794355781487,84.13630464471935,86.02463800678086,75.1013954182185,69.92983834423197,16.71468356764316
person_14,front,1,55.0,38.10197227776829,36.81230401672364,83.82104662690388,85.90420941998512,74.72422629096633,69.69227197271476,16.82897803356307
person_14,front,1,56.0,37.9221120916234,36.76740755542923,82.55480095210157,84.68519885414166,74.57425382132031,69.48985006725547,18.054711431390494
person_14,front,1,57.0,37.73469862371803,36.75927963130957,82.09485224842717,84.37113936080229,74.36362069051499,69.34704838414584,18.428871096943343
person_14,front,1,58.0,37.601817321061745,36.82449089851324,82.2458780674991,84.74568608666388,74.14788214922326,69.2204627083499,18.163325223065094
person_14,front,1,59.0,37.64085965674445,37.05036214952325,82.9835797599593,85.78715991394913,74.00831711085478,69.0519824124472,17.294582290948487
person_14,front,1,60.0,37.85893604089657,37.10450945051445,84.1094947134918,87.2778552422814,73.6247671565768,68.91497861495247,16.072929457593922
person_14,front,1,61.0,38.03583488459316,37.171053135076235,85.31234863251179,88.52829032723463,73.27301067329861,68.80538401682448,14.946887318234813
person_14,front,1,62.0,38.11497533958573,37.29487244955094,86.46420669693474,89.30981152413969,73.01650995984888,68.69267754318648,14.082824863857008
person_14,front,1,63.0,38.11566493562594,37.441372974015586,85.60000399319716,88.27548666815618,72.63977931500237,67.50934875061859,15.120643388851919
person_14,front,1,64.0,38.21941884675937,37.29156222493416,88.567580571713,91.14164112057553,72.40753801300256,67.93453435232087,12.318315367597588
person_14,front,1,65.0,38.300283497590776,36.96721107986275,92.7238193758781,95.2312580330443,72.14708445490015,68.92538591993124,8.334569107578016
person_14,front,1,66.0,38.05958393356587,36.670064646734254,92.53947249706232,94.95282462317446,71.45029319161434,68.34309684490674,8.73762138939389
person_14,front,1,67.0,38.07252409178445,36.582566520019164,92.50871170356486,94.93319579418593,71.2382320813455,68.52695688216195,9.153436248332723
person_14,front,1,68.0,38.19850777674188,36.66217910794047,92.48394824291998,95.07756563371723,70.87016020922006,68.41040032511447,9.551178295252376
person_14,front,1,69.0,38.40242289731728,36.919348137661856,92.41046337842805,95.37617129959658,70.07966356928334,67.54350364386377,9.91635171204231
person_14,front,1,70.0,39.136153389241855,37.74771399225973,93.0726825127522,95.74768901374118,69.75225926821156,67.15706401204658,10.269348196250975
person_14,front,1,71.0,39.788287665259496,38.43498949593424,93.87373520206862,96.27983318208892,69.48178573300419,66.99716318963748,10.324532599245636
person_14,front,1,72.0,40.42156642816274,38.98313422783298,94.84389651664716,97.03332364972427,69.27603120416484,66.99606932216376,10.119796613353111
person_14,front,1,73.0,41.28291546756122,39.384156406730725,96.18385696392016,98.30098384755782,69.20746659685537,66.98548161528942,9.70789001890887
person_14,front,1,74.0,42.105998758945894,39.87584123653353,97.86318185740038,99.84480228769587,68.99924222272278,66.84414533210064,8.8268551765697
person_14,front,1,75.0,42.943595596805395,40.40618560003162,99.32227133227642,101.19562698754714,68.70720992091005,66.76367712745412,8.16139934488831
person_14,front,1,76.0,43.83006314902807,40.95514632552328,100.17954763919184,102.03137598639508,68.34187024524407,66.8709435107904,8.164355774190456
person_14,front,1,77.0,44.43770879898022,41.71982451772855,101.22108262172398,103.0372429321894,67.81085102805258,66.68758359240259,7.9790378695841415
person_14,front,1,78.0,45.08695198832404,42.43757958796116,102.26321223955048,104.16584216572316,67.50087921768328,66.43897118089141,7.726363004374421
person_14,front,1,79.0,45.790514291183264,43.118029320533665,103.67128312504829,105.72445681667672,67.40257465156253,66.21234106399828,7.092083360832627
person_14,front,1,80.0,46.51983501088645,43.89924823323688,107.66253547996536,109.57191896175858,67.38084143262175,66.42371416693037,4.164686507526439
person_14,front,1,81.0,47.13917943817233,44.76803832573518,110.23768486808066,111.8841448844074,67.22879807925261,66.36781998997836,2.8785252661198975
person_14,front,1,82.0,47.74664969213429,45.618080930428484,111.38421853192777,112.81725601869032,67.02784197146852,66.45788048958441,2.695900873386762
person_14,front,1,83.0,48.423730647907796,46.34987957057294,110.58571673456228,112.01963956104626,66.83176194074036,67.10646386887409,3.537632706298198
person_14,front,1,84.0,48.773561116141174,46.76436342475181,110.56105192294059,112.0969870678876,65.77456003509893,66.20338050577972,3.9633735506029817
person_14,front,1,85.0,49.58957430962739,47.66944240811911,111.66277312728438,113.01101891784653,65.12179976594109,65.45720317503628,3.813363583233852
person_14,front,1,86.0,50.93275316443516,49.11432331662299,113.69356331572959,114.58560504320835,64.93548334522194,65.01635954976518,3.2437068122138237
person_14,front,1,87.0,52.39344930857676,50.55369957918255,114.18122286136706,115.05950404145986,64.24618095291129,64.24382238815822,4.036396361977809
person_14,front,1,88.0,53.027815061677366,51.67719601094816,114.30176943181709,115.70673120349174,64.36642620046011,63.83937249452945,4.362135908232688
person_14,front,1,89.0,53.24768386910815,52.35314676993348,114.56899926913444,116.40363884092963,64.69808181172307,63.66661033298899,4.259053117923762
person_14,front,1,90.0,53.416792557342845,52.21848160607883,115.71911129112839,117.00921093311769,64.54669059245815,63.64522997713993,3.594711174252571
person_14,front,1,91.0,53.560604901438076,51.72544992885705,115.57972945724208,116.30947874540925,64.80595605784396,63.789625361747525,3.822567259819164
person_14,front,1,92.0,53.82794431774394,51.57996644101691,115.39812437269599,115.60125237232462,64.44418688112958,64.0213874933599,4.232402218620901
person_14,front,1,93.0,54.27468974627763,51.9558807000985,115.28326656168989,115.0540655034424,63.27894853706902,64.24872290343843,4.820595058094709
person_14,front,1,94.0,55.2609768187381,52.92619484105529,112.00804822274705,112.48044275403328,62.917560603169214,62.71295959953861,8.464887129685144
person_14,front,1,95.0,56.06617267091409,54.689767621849064,109.29394037421285,110.8583935495893,62.897217670310994,61.997919578833226,11.83221994339103
person_14,front,1,96.0,57.22295218444229,57.52263914950907,107.83362712509839,110.78741463317593,62.70836233317589,61.911517414307376,14.675815504662078
person_14,front,1,97.0,59.94796781860039,62.45572532095663,109.56880503192757,114.158309041173,61.26289234038142,62.35601024849856,16.26913612009805
person_14,front,1,98.0,62.64872165738116,66.87865577139667,110.28856719398483,116.60739603702656,61.289465909194725,62.843571350930674,17.9918966788191
person_14,front,1,99.0,64.40931347326453,71.13921024426982,110.7239248043082,119.42282303378285,61.56025980899913,63.29878085833775,19.16379463440459
person_14,front,1,100.0,64.81616703260683,75.33020297060146,111.07700388230204,123.06804259250671,61.7069068251272,63.69315578789672,19.495873618365877
person_14,front,2,0.0,63.763968483082586,68.01265494915553,107.55502774169716,114.2432665115728,64.47318437910515,68.63776810784545,19.72800591091149
person_14,front,2,1.0,61.407705925745205,64.15320506672356,106.34794379295718,111.32583659593881,63.96049374521956,68.06579978717396,19.303925341852306
person_14,front,2,2.0,59.393255656788476,61.526949332391936,105.33710812644141,109.6224253763149,63.63198910341435,67.698786151785,18.77484484150707
person_14,front,2,3.0,57.86523056745037,60.655623731895446,104.60554886155239,109.64665614716681,63.56559529649275,67.6234387992981,18.09634136202399
person_14,front,2,4.0,56.8721174289508,58.919776194012755,104.26515826511549,108.41408677865041,63.661142066249774,67.39298133901167,17.55628634302332
person_14,front,2,5.0,55.98472883146956,57.46219439286301,103.95023468234946,107.41086706052161,63.917253504685235,67.32762827846476,17.045839949034626
person_14,front,2,6.0,55.07356452160243,57.480277799181636,103.45201444468569,107.99232324105168,64.57755056944774,67.89560690851785,16.53642219721923
person_14,front,2,7.0,54.582826694363135,57.0580760812221,103.33830216618458,108.24990160581565,64.97629945979835,68.23428647415146,16.014608335868477
person_14,front,2,8.0,54.31938845766221,56.39821805558983,103.42734955700111,108.32479069206437,65.27418972982643,68.46402099587408,15.476900067121324
person_14,front,2,9.0,54.08109738596972,55.71762517052292,103.46386224712411,108.26838734011787,66.1544734622107,68.90163432488826,14.802859961087584
person_14,front,2,10.0,53.69280506555552,54.907314755310495,103.70109209992538,108.32526246437314,66.84750428276229,69.36200080083647,14.060216417012317
person_14,front,2,11.0,53.13951137154743,53.954315056937986,104.15911083167273,108.50674391245035,67.33455690029791,69.84739573841209,13.242109091091365
person_14,front,2,12.0,52.16853005474801,52.41233564276375,103.68596112066959,107.45063368011765,66.87531469891364,68.90551528696132,12.79131653462108
person_14,front,2,13.0,51.213437198853065,51.06748926541674,103.22957768226763,106.52237429537279,66.3757368019494,67.96706114300407,12.327213468082578
person_14,front,2,14.0,50.41604824849225,50.34965562792803,103.08157016121194,106.24844078095006,66.05667737332942,67.44970027111842,11.725958102860908
person_14,front,2,15.0,49.54281877046413,48.95305994674695,102.85572376030473,105.43856365070506,66.05791240660257,67.34882687113269,11.438557478204253
person_14,front,2,16.0,48.693835604187655,47.43293449887162,102.61165368227442,104.49302158687404,66.24583106932873,67.38404303803277,11.257285371551458
person_14,front,2,17.0,48.22010728228882,46.93013752512742,102.45635274361457,104.08862804815018,66.83638991433826,67.20953442954801,10.942546289621413
person_14,front,2,18.0,47.72886360397071,46.15164485575674,102.45228604181533,103.73160522490389,67.45882607429323,67.3537014482813,10.578025663896709
person_14,front,2,19.0,47.22268035694202,45.13799997541054,102.5772132479266,103.41498683544725,68.10845170876051,67.76968003140645,10.171044309641262
person_14,front,2,20.0,46.77116215740332,44.75735483646132,103.11332750730911,103.84790702356668,67.96021098063466,67.53427673232936,9.42521696593077
person_14,front,2,21.0,46.26841575758745,44.333498676899694,103.3022199934212,103.92799735261937,67.82982660117837,67.31705009986302,8.949955436212012
person_14,front,2,22.0,45.67182335315998,43.77944946049938,102.8514931300829,103.32929326785374,67.79987642485116,67.18807696430252,8.974708016866265
person_14,front,2,23.0,45.27602190203437,43.44555310160119,102.98076049221696,103.24631813073142,67.82943608671715,67.76486129744062,8.573571208299668
person_14,front,2,24.0,45.036378327610365,43.23547780815733,103.35957242442669,103.41938599093208,68.06889036898635,68.54950318654058,7.991807572158434
person_14,front,2,25.0,45.21658814301591,43.284313573070285,104.09467007709875,104.05439429618858,69.12813484159176,69.36054847648737,7.159531320021724
person_14,front,2,26.0,45.12636601291014,42.97119995074499,104.45388490512073,104.21928321057206,69.93670805953862,70.18102085334694,6.64055655740969
person_14,front,2,27.0,44.85310161300109,42.41611975431531,104.53804635050393,104.05068111545847,70.57523613090908,70.98968507653272,6.34630954959898
person_14,front,2,28.0,44.26199321009228,41.622836969184554,102.90096065669479,102.38155895397934,70.89571365982577,70.68171785839567,7.205780477279552
person_14,front,2,29.0,43.66342156068113,41.1798630415664,101.94132562655719,101.57365194229175,71.26619664507909,70.4930730302118,7.431607755428419
person_14,front,2,30.0,43.054898915933514,41.203967590631706,101.88495814798156,101.91403179699287,71.70335357211454,70.46352472196553,6.812576834201691
person_14,front,2,31.0,42.366926111814756,40.75673077546772,100.77233677505471,101.0655835170717,71.30840254386034,70.55536901825879,7.396128050987886
person_14,front,2,32.0,41.7267641917934,40.25664420525621,99.60267770858759,100.01342179629621,70.7357182701713,70.55008688848001,8.094568716101803
person_14,front,2,33.0,41.27108161987471,39.86255020740832,98.85089415596045,99.02175422894568,70.10213449719923,70.19221460365517,8.463971658241997
person_14,front,2,34.0,40.74181323124528,39.46337601741037,98.36707823511114,98.44272984879892,70.61931190526487,70.26376182371314,8.48134489151481
person_14,front,2,35.0,40.17236686175505,39.03737790945408,98.00060537670853,98.0533234661681,71.69818137164206,70.54311143397666,8.327055005416295
person_14,front,2,36.0,39.56365365120169,38.329687467651496,97.44109977837607,97.4701553689406,72.61826386441516,70.74233564230433,8.223245246041136
person_14,front,2,37.0,39.17312309423416,37.75320436090597,96.78126026558299,96.74067229286034,73.27051097303554,71.09902104173452,8.368469698470372
person_14,front,2,38.0,39.00781334096811,37.312161083896754,96.01785026044345,95.86015439989986,73.64628284640152,71.61824702552862,8.770761724375108
person_14,front,2,39.0,39.01196215746269,37.45473044760206,98.61985418088747,97.95493265998894,74.48185187144837,73.13943521285249,6.1610675201948375
person_14,front,2,40.0,38.94795700536236,37.3933891842542,100.41922137409878,99.35007025182944,75.33195874182297,74.46068594868042,4.228225074606127
person_14,front,2,41.0,38.699069670784546,36.761559317211905,99.73127329428564,98.56762390914008,76.10926262427185,75.1253112966775,4.432273951534761
person_14,front,2,42.0,38.534516087428734,36.49360246198871,98.62408960475113,97.48426648109574,76.81751564332414,75.23850755605488,5.03081076795818
person_14,front,2,43.0,38.32420073397233,36.320492271760955,97.04773729314965,96.01698297615887,77.35739832293034,75.16572462854094,6.051696178419901
person_14,front,2,44.0,37.652313833289696,35.909613219211344,93.58598264461551,92.91338063391483,77.04017174991318,75.19980064574875,8.731939026405572
person_14,front,2,45.0,37.19761526956621,35.57056612610721,91.76685089926198,91.26881555041754,77.11692182008893,75.40905359162966,9.943576985642656
person_14,front,2,46.0,36.916667375410036,35.28898460055945,91.2618174764529,90.79148027391767,77.50885320481899,75.75844808044906,9.980331033880887
person_14,front,2,47.0,36.205965056888154,34.76642584404722,87.94095936544193,87.94010649299645,77.12148781410522,75.22918973557738,12.689192486966695
person_14,front,2,48.0,35.69963144259324,34.362976097972876,85.32753299180612,85.60605823497279,76.984473239827,75.01348842019166,14.825392807529477
person_14,front,2,49.0,35.548293724785,34.165917444690166,84.01370663790756,84.23914960968015,77.29579865242361,75.3541307483681,15.888652409615213
person_14,front,2,50.0,35.0503350243353,33.8806819620954,81.58720783581593,82.1604960783526,76.90896418247213,75.17686318364866,17.93221970217716
person_14,front,2,51.0,34.59578469295127,33.655793449780695,79.64805217310641,80.58305746409874,76.60152628591048,74.99610036879525,19.502078978969035
person_14,front,2,52.0,34.6548106098459,33.75118549862442,80.69596564852104,81.64511343693253,77.29761970801161,75.31980417709163,18.26967665847678
person_14,front,2,53.0,34.67503392993943,33.86439391823514,81.5203332553866,82.48188828482063,77.27459955021136,75.45437478555725,17.38341239585619
person_14,front,2,54.0,34.67321386947094,33.989868638178265,82.19197463421736,83.16503921786143,76.82643153417723,75.46640770859483,16.725630151824937
person_14,front,2,55.0,34.727365595666186,34.15506594386399,82.40125005229203,83.3910141701179,76.90846257246703,75.29092589982399,16.539804388561787
person_14,front,2,56.0,34.74427932739644,34.26386939934424,82.65897708854266,83.6283671478283,76.9319027384847,74.8428477151493,16.324264899458818
person_14,front,2,57.0,34.714645566045455,34.30218054206766,82.97726864751324,83.87994265735614,76.88210431416218,74.05402406059483,16.071583253056076
person_14,front,2,58.0,34.74073165763975,34.39828980531996,82.34990696988277,83.36050274296653,76.71165166760625,73.54442593079632,16.786167280625275
person_14,front,2,59.0,34.72554705923548,34.54869540686688,81.93267859647801,83.09555593846964,77.23209124920318,74.01606706251431,17.338924896527576
person_14,front,2,60.0,34.57356026793819,34.819954692972466,82.51051729022957,83.86695038721388,79.67641660720147,77.01690095932818,17.017581427892846
person_14,front,2,61.0,34.6580330305764,35.11038050340502,84.66016586585174,86.22789260774312,80.80699859347357,79.23883196518408,15.075654721063719
person_14,front,2,62.0,34.847229227866876,35.364957989550206,87.47717083014916,89.25984271334701,81.21744611482221,80.8765007791548,12.437840297441111
person_14,front,2,63.0,34.98647676952271,35.194287101427754,89.68885503208435,91.6427845495056,80.5915287921416,80.40534270700753,10.3498091981626
person_14,front,2,64.0,35.060774707052865,35.11082322390488,91.1249542831855,93.2938296380954,79.8723710963951,79.78643132686007,8.934795341461761
person_14,front,2,65.0,35.07215271558627,35.11184113790035,91.80970561316619,94.23584975247795,79.062886789241,79.02438392958742,8.171766938508032
person_14,front,2,66.0,35.2736399424507,35.093518703483774,93.19575325639175,95.85901986479817,78.25510885340738,77.37473010224258,7.001132547425671
person_14,front,2,67.0,35.68354119863233,35.42965886485814,94.42094529660017,97.23104086703921,77.3883474430049,75.80351334529817,6.26718078826716
person_14,front,2,68.0,36.47749306201196,36.47805876064402,95.20351297331824,97.9833239943051,76.40332488151292,74.54220632054631,6.476871187461248
person_14,front,2,69.0,37.61335696787878,37.59771603740917,96.39182165390078,99.16008978714068,75.56470264922022,73.535700642328,6.437205612787778
person_14,front,2,70.0,38.81182167471587,38.69564990082553,97.70356798900536,100.46590411436044,74.79774307665943,72.67619255463693,6.28625310267243
person_14,front,2,71.0,39.72517400535673,39.549883164832714,98.93747352865743,101.6898005665756,74.14645202799475,72.13604501193089,5.995381676927238
person_14,front,2,72.0,40.53190316587317,40.25644370203313,99.91107508846243,102.62367362689689,73.26774188747198,71.5991164205368,6.1085740931848465
person_14,front,2,73.0,41.2586649487963,40.852249694128474,100.68944866338212,103.34002914329777,72.21846742805563,71.06460204262666,6.5248143909445595
person_14,front,2,74.0,41.94172036676136,41.20069566801998,103.34588839084539,105.92231137879644,72.12006121929359,71.20859765994562,4.968940286888877
person_14,front,2,75.0,42.735198375106826,41.62932337698192,106.06464785049191,108.42082654826993,72.14583056063017,71.47835276875844,3.630831638190802
person_14,front,2,76.0,43.69759023171337,42.18589163337464,108.83209039093012,110.746270477175,72.33703512939098,71.92262786604924,2.6720750927775687
person_14,front,2,77.0,44.532429382546155,42.97926737912008,111.32435090730569,112.96365271937896,71.74251248476143,71.25185924642476,2.6770032495570604
person_14,front,2,78.0,45.40042571433935,43.87819700109948,113.87875336893529,115.23534205133508,71.15302779378776,70.35598455548035,3.111197483181626
person_14,front,2,79.0,46.48951558424884,44.95154725748958,116.87727312935853,117.78609817470712,71.2282454104605,69.59050991119929,4.254200289840552
person_14,front,2,80.0,47.54078596743664,46.17511718294712,118.70316574776047,119.55155957543703,70.9511748032828,68.8073633623353,4.769881678230777
person_14,front,2,81.0,48.53945596248275,47.448083358969,119.76892189021781,120.77364071076596,70.4771933614655,68.0634550251569,4.865592467488256
person_14,front,2,82.0,48.921042291994716,47.98144835200222,119.1171606470281,120.15900584846005,70.11630980113632,68.30753782439419,3.776087584180743
person_14,front,2,83.0,49.14929206314093,48.378576166424985,118.56196094319446,119.64079453543482,69.54370921692008,68.1342925139972,2.9477177603204083
person_14,front,2,84.0,49.19776793827215,48.61597763351134,118.11997131998521,119.23563152156625,68.72288867366385,67.47176597161521,2.4255062820188487
person_14,front,2,85.0,49.92165758300928,49.48680757290856,118.83844621639838,120.2569436415453,68.93729723649751,67.28513308079434,2.377083610958171
person_14,front,2,86.0,50.53338040624168,50.28280025780359,119.4041608819282,121.09193617413119,69.10891324928664,67.18264827764658,2.365832801918053
person_14,front,2,87.0,50.61908116858288,50.661362180148295,119.1659878722052,120.94241150774407,68.79710093929538,67.11748145675026,2.275224808932645
person_14,front,2,88.0,51.18558491622085,51.14498420849601,118.01788011203193,119.8792959767527,69.35837457073643,66.79785852643255,2.9125533772032117
person_14,front,2,89.0,51.88416223548336,51.54374944214225,116.42167024531157,118.33403051842826,69.75119231495891,66.49452410095637,3.929284216663882
person_14,front,2,90.0,51.97837236035345,50.90072540652986,114.38405448231538,116.08760681007246,65.78024789103043,67.20052791039544,5.466543286761056
person_14,front,2,91.0,52.35854815349964,51.25690570053721,113.1258446593226,115.13115618864377,63.974223717854784,66.48070218147548,6.595842569220755
person_14,front,2,92.0,52.99869273598774,52.52145356692613,112.57618569087836,115.34740837351248,64.13630886354537,64.46466778132005,7.354269317464571
person_14,front,2,93.0,54.49766070230268,55.21430297950085,112.34511245911216,116.26041547322941,62.951449341864695,64.14194040414665,8.805185447780445
person_14,front,2,94.0,55.74046047321354,57.82642791841849,111.87506998754844,117.01908398197853,62.394430989340734,63.76932777897098,10.255617103393583
person_14,front,2,95.0,56.39734506721377,60.10764842332161,110.91942300759844,117.40208773141626,63.17766434223967,63.08980084972248,11.617651067970002
person_14,front,2,96.0,58.900248748211325,62.74324526011402,110.33217125579523,116.024607743603,62.5398211695283,63.34356716171858,15.12776941492222
person_14,front,2,97.0,61.68493672065283,65.51426169959419,109.94449596819405,114.57202043459615,61.779760891208774,63.90990035980499,18.784215051312906
person_14,front,2,98.0,63.07462223776511,68.40193304330732,109.95605283342192,115.36509494634034,62.54126461739315,64.57509382211606,19.95908321835751
person_14,front,2,99.0,63.43921597723371,68.75510695135391,110.2063037715369,115.61227078917628,63.032307060894766,64.20857230979601,19.792360130511536
person_14,front,2,100.0,63.08347495403378,67.32728266136458,110.62428567978873,115.4758421619686,63.33329563007875,63.117061896383866,18.682897241931663
person_14,front,3,0.0,61.27578811699656,60.95757579837063,106.99249029075672,109.0814136954812,64.18644108367762,69.02439239351189,19.093128980930256
person_14,front,3,1.0,61.53522805296086,61.81369199279346,107.11778761166386,110.24385191900538,64.91189278797098,69.72039194058816,18.84300283474144
person_14,front,3,2.0,61.354152278258695,62.13058634444117,107.10123191341987,111.00952357702468,65.54401282383586,70.26141578151848,18.525961820932327
person_14,front,3,3.0,60.392162289193244,61.49158742935116,106.83320949940796,111.07183632346714,66.01068126566842,70.52770996155373,18.090298996341772
person_14,front,3,4.0,58.623351021898806,59.94060355032815,106.17851889873137,110.5862899110063,65.93796314370114,70.25665377450696,17.690352278026893
person_14,front,3,5.0,56.619204619741794,58.04267326533326,105.37155438042511,109.82146195240497,65.71558249642952,69.80952037162128,17.284640767892334
person_14,front,3,6.0,55.47064042018741,56.20535089556352,104.53234068332449,108.29941667373893,66.15105433273774,69.71558373980379,16.65981025676629
person_14,front,3,7.0,54.15912907872403,54.65219695520305,104.04597165456087,107.59147517356155,66.47193713032193,69.51739950836601,15.836753766444962
person_14,front,3,8.0,52.642425040041914,53.45688474076539,104.00392554148087,107.90870139444397,66.6485226198833,69.18794052185085,14.764079376396252
person_14,front,3,9.0,52.111614282827254,52.63532693153101,103.90833808956374,107.75693442546647,66.6504407687858,69.25565183057343,14.322982442972858
person_14,front,3,10.0,51.60808752507178,51.63799883671607,103.58502999239852,107.2196858466322,66.51099507198091,69.29046791117531,14.066054561044973
person_14,front,3,11.0,50.012348576276395,49.27743066098229,102.16721864399513,105.30224398037394,65.86874970591155,68.66146073512594,13.959561487755012
person_14,front,3,12.0,49.24310279754108,47.99503858557531,101.79550606170054,104.3448178436129,65.79908873434135,68.20710816564909,13.584108411143758
person_14,front,3,13.0,49.22286645417271,47.68974360108947,102.37182048619204,104.25740596170868,66.24833237028601,67.91103633337859,12.964910331522582
person_14,front,3,14.0,48.92650352709664,47.10778833544412,102.57724093250259,104.59475374275367,66.83545991662999,68.38437118887421,12.226817692024103
person_14,front,3,15.0,48.66610132800781,46.489844917865845,102.3562841995679,104.59637774743688,67.36099066742202,68.90009757633806,11.86353024370669
person_14,front,3,16.0,48.62574753419577,45.871518835018406,100.97521258728634,103.39959376205553,67.64281146846136,69.2399617563307,12.69690963881428
person_14,front,3,17.0,47.82459357355055,44.927070012493964,99.60682226937038,102.0364862892394,67.57688706355738,68.74280908729989,13.363142650120375
person_14,front,3,18.0,46.52994761279733,43.77108211558444,98.2466576559078,100.56549331106017,67.28539820074421,67.70272657025387,13.920956385447122
person_14,front,3,19.0,46.73427167086169,44.02631566632812,98.63072154744101,101.16746970851901,67.74078621424172,69.09132433420926,13.802998773021107
person_14,front,3,20.0,46.880373878939935,44.23411900962832,99.27429029119702,101.84566221015444,68.19778871973192,70.29979930874987,13.37248218914617
person_14,front,3,21.0,46.802955581374576,44.24662249656132,100.32863488251,102.53604392128209,68.60619932036857,70.97024986749683,12.348180095593937
person_14,front,3,22.0,46.67424774904765,44.229841424886125,100.79193153284841,102.64266334174853,68.9307873946989,71.50071838631631,11.893403712803844
person_14,front,3,23.0,46.48384120613694,44.152555758049395,100.90601579865857,102.43834148954986,69.22303712096954,71.91333249953111,11.71403538164822
person_14,front,3,24.0,45.549172824537074,43.161638264012026,99.43798468544587,101.32809189208413,69.62319326086127,71.27171546946862,11.878132768918686
person_14,front,3,25.0,44.83686607664224,42.384774895324,98.42042844115153,100.44797936882523,69.62669039754248,70.90744238064993,12.056089817361977
person_14,front,3,26.0,44.44476008128265,41.91614946713903,98.05155600809962,99.89926423242414,69.05899856960053,70.94254456722231,12.254004777894139
person_14,front,3,27.0,43.595733149642065,40.906418086391746,97.62698463108806,99.04578937029014,68.80071513097087,70.6766422114933,12.21016248350584
person_14,front,3,28.0,42.52513733963409,39.692701413776334,97.12371069351167,98.10146206200174,68.64192433966338,70.20035306171123,12.071647836979087
person_14,front,3,29.0,40.888337430443606,38.19540297189961,96.20894882521996,97.15665143755169,68.53168450476494,68.92425504597573,11.783013653149395
person_14,front,3,30.0,39.54547214387712,36.98902004274373,94.96901700644901,95.80870437263081,68.15976759380696,67.3785411815324,11.891592047365314
person_14,front,3,31.0,38.50633930068878,36.083249810066064,93.39307623884947,94.0441829858901,67.51745103758746,65.5542242734243,12.410623438895037
person_14,front,3,32.0,37.90573717604189,35.56806115945851,92.53771137039793,93.08046854713922,67.6604348547246,66.00232988705194,12.773341505513255
person_14,front,3,33.0,37.37720994966704,35.1388908241056,92.03740219650356,92.52159888490885,68.01703756930623,66.77668935761851,12.853782406091128
person_14,front,3,34.0,36.83456094174944,34.77772414470138,92.38758152140022,92.94578241892644,68.66053822283959,67.30347944583262,11.99186169413215
person_14,front,3,35.0,36.402984562950444,34.36432758127244,92.25143059859825,92.78936629920992,69.2434195596352,67.76729500465518,11.639374112616675
person_14,front,3,36.0,36.05391928006812,33.91213167542513,91.75400577750588,92.20164757957662,69.78126940399704,68.18432948450115,11.665322570859226
person_14,front,3,37.0,35.72947979891357,33.148383686377215,90.90154652714696,91.28860123820856,70.66354700533891,69.16771907801886,12.025647585162753
person_14,front,3,38.0,35.536781349743116,32.619045562437265,90.12557973576033,90.46411354147718,71.44098807492537,70.09517479258676,12.366259631312989
person_14,front,3,39.0,35.654669286046165,32.701915564900936,89.5918633720295,89.90572096067447,71.91024599292012,70.79406616323897,12.603724257788564
person_14,front,3,40.0,35.41730030006721,32.448854916488244,89.11899378910392,89.48764533875219,71.9048464329618,70.9075016352117,12.512419014445317
person_14,front,3,41.0,34.99918825604967,32.02598092137851,88.69368425331912,89.15130976402476,71.65538234340437,70.71034433722525,12.238479296664918
person_14,front,3,42.0,34.9270857815998,31.996121627052368,89.20530395061466,89.29939281625573,71.71375703342146,70.31948165009229,11.362722011947785
person_14,front,3,43.0,34.74092566913043,31.9454389726928,89.13653163313533,89.14937405694204,71.7063485658558,69.87865415008227,10.941221337734914
person_14,front,3,44.0,34.36632250254186,31.860352506104082,88.10885076950619,88.50683926116322,71.59025488141432,69.3552760896667,11.270231585224733
person_14,front,3,45.0,34.361456911221985,31.812293053268906,88.53387852822247,89.01885771934643,72.36763583364129,69.98023009670979,10.490355071446633
person_14,front,3,46.0,34.44417204343855,31.789112403068323,89.32158045874483,89.81879304638187,73.38686856819783,70.93025397988337,9.45485418810861
person_14,front,3,47.0,34.1246398590487,31.873306806265944,88.69904160243777,89.49497795461265,73.71101049163391,71.11737313735095,9.690279361270418
person_14,front,3,48.0,33.88861201281701,31.86042268802147,88.33844825340522,89.26909749070205,73.65268942296234,70.82985184262076,9.74573359219767
person_14,front,3,49.0,33.75099999370033,31.733124598077378,88.28657639508904,89.15863998105337,73.14360839930671,69.98293287208605,9.589079212634193
person_14,front,3,50.0,33.58750063670579,31.748886955606707,88.52760359938742,89.20961559644675,73.05188841733894,69.53806932660717,9.259155849646005
person_14,front,3,51.0,33.411078450069,31.709136845886615,88.70706310968076,89.22471830911012,73.01032538424772,69.21252315072847,8.986127829254867
person_14,front,3,52.0,33.201803466572535,31.273996892104844,88.31377040279115,88.91532924795867,72.77938744072554,69.02727322979469,9.144983985911395
person_14,front,3,53.0,32.93859154814018,30.949404150054747,87.90008639015169,88.59604184257338,72.44834038830872,68.68132097298756,9.354569248769797
person_14,front,3,54.0,32.629614957641024,30.71860904220123,87.46910066354266,88.2683558420806,72.03235227379946,68.19901521907578,9.607197389617667
person_14,front,3,55.0,32.66738091450123,30.763525625464432,88.24593513028391,89.10840139064186,72.31253203186944,68.57100341993682,8.844600113981254
person_14,front,3,56.0,32.67234926289105,30.852070577609858,88.7961075022869,89.70672226093079,72.62414974650515,68.85485734790937,8.283834228525581
person_14,front,3,57.0,32.47868741951816,30.978726957462083,88.3382115371516,89.26691120284634,72.81058975307707,68.62872071544143,8.602208744374511
person_14,front,3,58.0,32.44723881262738,30.929686183692176,88.711420638232,89.69579484690553,72.56416941986924,67.89388882840339,8.305693025565631
person_14,front,3,59.0,32.5139719015021,30.774302395887815,89.58766701623244,90.65046738963056,72.05575467047892,66.8511624451782,7.637006901569125
person_14,front,3,60.0,32.640973049906805,31.133827093795116,89.564937747532,90.92989535064021,75.58929294424111,68.1991369833563,7.796649544308104
person_14,front,3,61.0,32.76940315873354,31.35524848668349,89.50793397433056,91.13333100941395,77.86814226585395,70.07300520631009,7.988278496347809
person_14,front,3,62.0,32.898641825204486,31.297269664116406,89.41418434007008,91.21345576176108,77.62879190009807,72.87268041863332,8.214537600492532
person_14,front,3,63.0,32.97913854857686,31.16160279375202,89.45120492372313,91.3502363526133,78.31911399429946,73.86197182945203,8.363804914441088
person_14,front,3,64.0,33.02676929983025,30.985122808995712,89.52323225739529,91.5030814156991,79.30181338366738,74.01484813800899,8.485914833531213
person_14,front,3,65.0,32.89681130663877,30.690474182759306,89.31404622314638,91.54688654354278,78.90528490406392,73.04795912505489,8.68029685694256
person_14,front,3,66.0,32.73730502261602,30.515392046118368,90.05185587728027,92.4023177318009,78.30542562804882,72.25134729656556,8.040665132652599
person_14,front,3,67.0,32.53802219324348,30.50126479931747,92.06446741962178,94.3503224629246,77.4318518184027,71.68395475485572,6.27832259414938
person_14,front,3,68.0,32.58698006237857,30.874903648308248,93.21314349278644,95.55774752592815,76.83260911057012,71.47982074001878,5.703036356542961
person_14,front,3,69.0,32.87199159395648,31.443408865154552,94.19695804081867,96.56965492021635,76.3715187632614,71.3790139179393,5.478487832688753
person_14,front,3,70.0,34.13241800809494,32.53102652045517,95.58013835374199,97.610774709263,76.27936468225282,71.30677632955549,5.422900591518128
person_14,front,3,71.0,35.4347179798122,33.590974705673744,97.18475428020571,99.05279562353037,75.65249343415351,70.87558428188942,5.019511978385004
person_14,front,3,72.0,36.77754074918637,34.62414598436131,99.00366273590208,100.88278536865653,74.50815395983739,70.09701695104694,4.279541392384939
person_14,front,3,73.0,37.77272908344702,35.585690868070756,99.94289651863971,101.70342621028581,73.84075359205235,69.7635403377673,4.363266257633872
person_14,front,3,74.0,38.70802947746613,36.53444402902656,100.87459700500511,102.52418631783134,73.1874008268177,69.4278744920189,4.450622542065276
person_14,front,3,75.0,39.61843726833295,37.47654940444663,102.22677220264988,103.85682281232047,72.33952444149844,68.85931445774845,4.132771785410284
person_14,front,3,76.0,40.42695474461752,38.19898732778463,103.37352798117762,105.03425642087846,71.67300912395987,68.66215424307651,3.8545748165660947
person_14,front,3,77.0,41.16471505799774,38.76887840939898,104.37763138531854,106.1039102475398,71.13243899238013,68.72291056979242,3.6039152003682946
person_14,front,3,78.0,42.31310806539494,39.48500297353869,106.17999094044089,107.39658793677503,71.32996800928214,68.91447595034045,3.1466515358222864
person_14,front,3,79.0,43.17171636074919,40.15445311119173,107.47268715036415,108.35760741711465,71.36560689473808,68.96556392437513,2.920949412130314
person_14,front,3,80.0,43.34279718061998,40.70400822006099,107.54748845654095,108.55998769277731,70.95899092274273,68.69116650544309,3.230742772660019
person_14,front,3,81.0,44.08310128279221,41.63468020361917,108.4649336692441,109.6530385144766,70.81630512669321,68.59370830331457,3.186848488692387
person_14,front,3,82.0,45.08284182554253,42.7268068062671,109.75973561986352,111.13626430467696,70.80868742663726,68.5831331641717,2.978756177618445
person_14,front,3,83.0,45.54469549808291,43.09747988995412,110.06071000119468,111.31268527147294,70.98755895331814,68.58940989739676,3.016473536504084
person_14,front,3,84.0,46.204097845313335,43.40046499556152,110.41319166921471,111.33970389162374,70.89925097895026,67.6693570350111,3.1256657909341534
person_14,front,3,85.0,47.16805439935758,43.59909780162951,110.8450804042134,111.13639389402985,70.39904127379883,65.32121271272553,3.3450485093285574
person_14,front,3,86.0,47.64665900907502,44.148566822742715,111.74031843826877,112.04512500232394,69.60345928774284,64.96106870452985,3.11606431646793
person_14,front,3,87.0,47.94538003063463,44.75044114516257,112.70858285090046,113.2179054913202,68.70342655243495,65.18252194959868,2.7979665106280276
person_14,front,3,88.0,48.077344039525535,44.87404662987787,113.07462550001554,113.63026786197773,67.74064812268911,64.88971222167424,2.920300330490133
person_14,front,3,89.0,48.470380675036516,45.22995698106693,112.36132421513655,112.84730688846194,67.26563485308563,64.70975553176841,4.044533179301655
person_14,front,3,90.0,49.151497450266206,45.842203736640826,110.45702272722961,110.74536843172045,67.32884520846686,64.65432633208997,6.27430978419528
person_14,front,3,91.0,49.53560446540387,46.19325320087176,110.20957051920398,110.68957961224727,67.0214312349886,64.46358072520428,6.7759326994430875
person_14,front,3,92.0,49.94343661038751,46.714668199113135,110.34890788952954,111.24385179659458,66.59045893223568,64.44334799405733,7.023723688803331
person_14,front,3,93.0,50.68594830100866,48.14087101148873,110.74107370619143,112.65094935069013,65.9516984861555,65.22771774003891,7.618686778054775
person_14,front,3,94.0,51.45642261756681,49.1838190636461,109.79605335314227,112.21327421773269,65.64619513763402,65.47813371918834,9.076624439552548
person_14,front,3,95.0,52.24910254883965,49.92241774739489,107.78914986532256,110.31063253917432,65.60533713129152,65.30452758938281,11.219865437834212
person_14,front,3,96.0,53.73304116546145,51.91306010208818,106.94994340282216,109.7885027617262,64.20286151200517,64.74625547577087,13.386690865692639
person_14,front,3,97.0,55.46551359223453,54.73915766234153,106.89669867486336,110.6677870966901,62.945653450086596,64.41367364662183,14.987725195220667
person_14,front,3,98.0,57.6815053440454,59.4382720491623,108.60786189684177,114.8552350395731,62.379091539640484,64.75412477687833,15.11890885164682
person_14,front,3,99.0,59.20104923651655,63.037578411882855,109.10638440292784,117.54621519897503,61.666209651073444,64.34748110306293,15.877504882080293
person_14,front,3,100.0,60.32772510577044,66.0164802481879,108.9208531718439,119.3930340446184,60.87078828766895,63.51939933464287,16.990025841440975
person_14,front,4,0.0,60.21415151614875,65.5366309702303,106.65230143074773,113.44043964297607,64.55110367985093,68.66412576469666,18.2882469683348
person_14,front,4,1.0,58.60163355646688,62.59760664068545,105.923361066738,112.19748097579578,64.31463853582967,68.0634147766107,17.187064530680814
person_14,front,4,2.0,58.104311178787576,60.86361844639277,105.78096326083092,111.211304355978,64.40362388700485,68.01212596004491,16.835816835404753
person_14,front,4,3.0,58.14888861118543,60.07402990366239,106.00866001418244,110.66123700050917,64.7725443198316,68.356456654207,16.72301624010079
person_14,front,4,4.0,57.606270673484005,59.905896021974804,106.22529748189227,111.06562841931797,65.39637052641041,68.8617426175308,15.77447129576652
person_14,front,4,5.0,56.18887955635594,58.455056952188436,105.5650246489723,110.42694680311384,65.96745441656189,69.18396716807584,14.997262123440121
person_14,front,4,6.0,55.09404289466978,56.9128873728693,104.86930090442313,109.3577114317129,66.75750104377451,69.5368582534707,14.454939738002265
person_14,front,4,7.0,54.602036405280074,55.6125611463196,104.41984581921058,108.09620494349551,67.76208664373088,69.9359536163743,14.163178076327874
person_14,front,4,8.0,53.78607465422658,54.91284819500159,105.18342103716385,108.28229636852555,67.53672177296572,69.69084682705865,13.867781528284375
person_14,front,4,9.0,52.57406584831108,53.20746842804823,104.45042952425815,107.03055858486525,66.888680565894,68.74963786700383,13.733457938389625
person_14,front,4,10.0,51.30477467877429,51.32320543928919,103.87272761879288,106.1143499265905,66.28480167479289,67.8894167330848,13.139975970748743
person_14,front,4,11.0,50.40141053514279,50.28121293416132,105.64431544278932,107.93969496561559,66.34522404241379,68.14469676907977,11.14328737537455
person_14,front,4,12.0,50.03933578892473,49.46129462310417,105.87534695663136,107.96262312611766,66.81144158582542,68.40414165789375,10.778994853186505
person_14,front,4,13.0,49.60198075014401,48.52829364065606,105.73558835456991,107.28753913109743,67.21059247952542,68.44629431476058,10.664832911387656
person_14,front,4,14.0,49.081482788450174,47.58205832461858,105.46429753604207,106.23768592028583,67.50689481873084,68.3580745197285,10.616181317996281
person_14,front,4,15.0,49.03937318136631,47.65668390506452,105.56651360285619,105.97135934879849,67.92273709546366,68.96937781790106,10.722963941937289
person_14,front,4,16.0,48.1885702329372,46.75595200273908,104.73159778845985,105.46601829270435,68.26240642818328,68.98212010499091,10.842684330874288
person_14,front,4,17.0,47.61638313889398,46.05346279820284,104.79096352711058,105.73553333098329,68.84721055478416,69.01616344543405,10.177000614631321
person_14,front,4,18.0,48.22349955465731,46.49773397599221,107.35976304970964,107.73861785385976,69.9808788414654,69.55324043957043,7.930556561108457
person_14,front,4,19.0,47.143894066911166,45.44294498505454,107.69163184333304,108.53487713273935,69.67536185097613,68.72987838371058,6.74096064511091
person_14,front,4,20.0,46.57307351435855,44.75159755640872,106.86163540329527,108.05537918041658,69.66017875361663,68.50721544678697,6.876004184880937
person_14,front,4,21.0,46.278729428027965,44.248576696124694,105.17471256006816,106.51616556365718,69.83906936695175,68.74555302528799,8.009214877397653
person_14,front,4,22.0,44.93475219003123,42.880702388781664,103.3242819934272,104.4974436685835,69.48836113131843,68.56599339928579,9.08337366058351
person_14,front,4,23.0,44.10626880344472,42.01161995011537,101.91054232329783,102.7986297598885,69.40886911221725,68.33576324261257,9.958406214287747
person_14,front,4,24.0,43.45789348732696,41.35185201067693,100.84525595381737,101.49156854594438,69.45135244048811,68.25816371383394,10.540968575125227
person_14,front,4,25.0,42.861098920088175,40.797059486129456,100.13147375631064,100.6564865523163,69.56374076843127,68.44316234878274,10.753338531837308
person_14,front,4,26.0,42.760684218079874,40.84800659949134,100.68266152822282,101.05881427189145,68.70669960192491,69.15753483313948,10.105575350643926
person_14,front,4,27.0,42.36745843155104,40.51536423969876,101.74353462894932,102.0890300129409,68.91455018960313,69.8404789113055,8.726883748400958
person_14,front,4,28.0,41.583632919204454,39.715365766077696,103.00410690536022,103.34031287982158,69.92353255223726,70.36489672674543,6.866644880690557
person_14,front,4,29.0,40.08487850929139,38.13397926608279,103.82841806430734,103.96685282110069,71.36467176562408,70.40447225461432,4.948967521636407
person_14,front,4,30.0,39.41708894426779,37.435270515121594,103.27298670980642,103.08509639471872,72.39262836680908,70.67400808188052,4.856958253678197
person_14,front,4,31.0,38.877297296579776,36.954312860935374,102.04171404774146,101.82081496057775,72.89852594207693,70.62246634913367,5.374184918137456
person_14,front,4,32.0,38.2936331248861,36.53906308096009,100.3689248970455,100.50734291632675,72.8413530383292,70.14465239180414,6.159726988816469
person_14,front,4,33.0,37.775780892495085,36.3650167894959,99.68807754320353,100.07602735252424,72.54971019019781,70.22044003928413,6.3194567885180755
person_14,front,4,34.0,37.136155734406984,35.86277998127709,98.75462414710508,99.06819420816923,72.39669975903158,70.2252882891029,6.735866104313958
person_14,front,4,35.0,36.505832429429475,35.186393421322165,97.74318673431085,97.9141989897989,72.1775497799937,70.39980012098914,7.2116917133299046
person_14,front,4,36.0,36.05799874594572,34.483865178634254,96.85737873304105,97.12965523370698,71.60621483443478,71.10765848321029,7.508316313795476
person_14,front,4,37.0,35.31336372289448,33.786173882566345,93.83587846154549,93.9776100662774,71.80093262881664,71.53221187810655,9.874097421003576
person_14,front,4,38.0,34.81749775762458,33.34778137319036,90.55467386194009,90.52892232326914,72.20749467142738,71.84936114033091,12.696297553298656
person_14,front,4,39.0,34.57503133361314,33.14919356686244,87.42084623431474,87.21361268679945,72.84218625356372,72.06690518803208,15.56194490920938
person_14,front,4,40.0,34.072807437851274,32.79949003800357,85.40797673718275,84.9709670959301,74.37321290601436,72.0635356135981,17.192974360091927
person_14,front,4,41.0,33.95240473396297,32.66491479496205,86.3883286580537,86.35044005446024,75.47815782954686,72.57841438477611,15.70678128516099
person_14,front,4,42.0,33.86434697882027,32.54967361446625,87.46543233439726,87.92423885516679,76.42402866481778,73.38311046349754,14.074282462244597
person_14,front,4,43.0,33.547270512035276,32.30761726227932,86.43356150783762,87.10044430222653,77.3795064996564,74.36878858375823,14.547035624752345
person_14,front,4,44.0,33.3901512407821,31.98183043660171,85.42509492240315,86.03972571747519,78.3430605215454,75.02714248237542,15.061235145720063
person_14,front,4,45.0,33.14224400826089,31.754187475197842,83.13151029367236,83.7373321995082,78.6223340560379,75.04702382164866,16.982728089951742
person_14,front,4,46.0,32.80266597847326,31.573124652939747,80.41818536812994,81.08081956593364,78.32499166636377,74.59736183787255,19.390337718668615
person_14,front,4,47.0,32.405522794609645,31.21268578143541,80.75213801197917,81.56466425616917,77.88359188474831,74.27685601230938,18.609109161099315
person_14,front,4,48.0,31.663288563710037,30.632426549657698,79.0126559416148,79.93919585618862,77.15783235861947,73.26258270551374,19.739692069820418
person_14,front,4,49.0,31.132444577019516,30.3492408967476,77.73033253421795,78.75438431417551,76.55702246747123,72.06381724956745,20.4518152216043
person_14,front,4,50.0,31.08872409724516,30.631580009119556,78.09733118317207,79.20907207926955,76.28023372474752,70.88662299979497,19.6479944235401
person_14,front,4,51.0,31.219299802248262,30.55330182342586,78.58919582551813,79.69645010956575,75.81694955081826,70.73112994184156,18.96820502632763
person_14,front,4,52.0,31.288276427466435,30.473250217368335,78.80726338428751,80.19415174745455,75.83914220452145,70.92519307081669,18.45513684442808
person_14,front,4,53.0,31.30945310762109,30.37708258718527,78.9099144712484,80.59884640822844,76.07867419829927,71.2931992922902,18.092694383520755
person_14,front,4,54.0,31.3005279304835,30.22845876337313,79.21842868393678,80.65502315946209,75.99760458442974,71.49144937571273,17.886108330162028
person_14,front,4,55.0,31.437252261207064,30.31208695516999,79.79873038346045,81.42513344140532,75.97977312808389,71.47658910148684,17.15913992819951
person_14,front,4,56.0,31.580363559506466,30.40464590324105,80.49510395063571,82.34542665045888,75.97007199599898,71.53335138236939,16.35338725608926
person_14,front,4,57.0,31.69332663070778,30.462213783157516,81.23437219924314,83.22988900117974,75.95539387374482,71.713188928298,15.621054953868677
person_14,front,4,58.0,31.77705718866484,30.72222599995713,81.39141966365199,83.3480570646661,75.95209969754389,71.5576076639494,15.599409698845577
person_14,front,4,59.0,31.77076871285365,30.853256141240927,81.6946445728611,83.57143850428608,75.76547901184448,71.42750700601148,15.469767648362827
person_14,front,4,60.0,31.74679277752322,30.927614097924067,82.05562444435782,83.8059549722985,75.434971739505,71.3346539870564,15.338744552452487
person_14,front,4,61.0,31.79385419134152,31.022301072816067,82.37673653956206,83.93264512515753,74.96868380424942,71.30552004112285,15.34452657252795
person_14,front,4,62.0,31.602895015244645,30.906540056550377,82.59952433464719,84.23490358090882,76.97005672845053,72.78248449075552,15.420661969362046
person_14,front,4,63.0,31.56989490934735,30.79374351037326,82.59100754071605,84.25614814749491,78.37704868391941,74.09249563358163,15.75573508810578
person_14,front,4,64.0,31.688922657941397,30.688228467334945,82.41242220155642,84.02196725555429,78.83959914014868,74.95604070987734,16.268795400448177
person_14,front,4,65.0,31.522480090954325,30.406801697540796,82.62540091257974,84.16806211161351,78.96932621177582,75.08958210394837,16.204604863061448
person_14,front,4,66.0,31.59652185315242,30.356573067666595,82.89638541433874,84.62947184381346,78.23350446419829,74.85873608771868,16.159756757578098
person_14,front,4,67.0,31.760096910518893,30.541278164996225,83.44364923691086,85.34510362120002,77.6519280581571,74.45208761510987,15.979833504139394
person_14,front,4,68.0,31.917750612695077,31.018005993718177,84.49885186208172,86.32662958423617,78.04464911919212,73.97413223766647,15.514881161018158
person_14,front,4,69.0,32.419104567996065,31.90993465878504,86.2984407858502,88.33597162696731,77.83935697938848,73.40545571354667,14.469198683359421
person_14,front,4,70.0,33.26658422348496,32.98055938923306,88.09707940301266,90.25056483561863,77.51133916867829,73.2556010740666,13.64595701286689
person_14,front,4,71.0,34.36108960201852,34.17995890165694,89.83312540951357,91.98973192626494,76.81609082271171,73.28735220912353,13.056345939710067
person_14,front,4,72.0,35.387091442817834,35.40614237686969,91.43515930644809,93.47260284078065,74.63488349565696,72.53049852614743,12.608482239969854
person_14,front,4,73.0,36.87354022178031,36.60445766925112,95.4183874317631,97.30045295824588,73.0906292349893,71.50565804244114,9.996156311202487
person_14,front,4,74.0,38.35728416230847,37.69834424738799,98.8979148986117,100.52614492296718,72.27002049764697,70.73594487419084,7.90887553215941
person_14,front,4,75.0,39.63004636408085,38.64064080563626,100.51680514655652,101.75274055654208,72.30059008347887,70.48746666320939,7.618465070817766
person_14,front,4,76.0,41.00109724234754,39.654406715468404,103.0249198600872,103.97413982821733,72.00990039701847,70.19363412297774,6.386724634661711
person_14,front,4,77.0,42.13102484433404,40.54305075802991,105.66409989280267,106.33035770161132,71.64287919524264,70.08217410692237,4.973770403271474
person_14,front,4,78.0,43.149507779648665,41.2577970947963,108.0560161300724,108.37359989609301,71.22595744822247,70.0928925105354,3.7526011889565596
person_14,front,4,79.0,44.314981678781166,41.64258198383714,109.29059087237049,109.02114941964453,70.80439489514056,70.1250420336862,3.6062920783359287
person_14,front,4,80.0,45.60586471382152,42.56892807234852,110.62797519822429,110.2390573219884,71.03691914258158,70.82232466006371,3.490589010667115
person_14,front,4,81.0,46.57647318954251,43.4694243262675,112.15944726303522,111.55697248165849,71.33266942696551,71.2711904476718,3.118880008328618
person_14,front,4,82.0,47.11114142355695,44.20307524449542,113.90316218481486,112.87319444057448,71.4966549361264,71.2108400970789,2.4320372937408274
person_14,front,4,83.0,47.57364876170455,44.951299538813664,115.5675819523356,114.45950087835566,70.85695488368101,70.59948890963254,1.9581232651908418
person_14,front,4,84.0,48.42545144372424,45.855806873287435,116.39629562315478,115.19833625859371,71.11178865459254,70.83368235450017,1.8802461332214995
person_14,front,4,85.0,49.35144534376395,46.75006936998112,117.07613093089661,115.83696557416405,71.70363892320665,70.98341877227591,1.9217187491043095
person_14,front,4,86.0,49.96425246362197,47.41452733624438,118.45530042034932,117.31677149640448,72.00883811548351,69.8143588976045,1.7586527438478603
person_14,front,4,87.0,50.80182349502679,48.09593543065073,119.7972434316821,118.68062668493312,70.62565361021608,69.01916780250407,1.8964905356593953
person_14,front,4,88.0,51.60087328477013,48.64080497185595,120.05392750334836,118.85525767588904,67.63911916942102,68.69947294088854,1.9065803790515368
person_14,front,4,89.0,52.45611364593761,49.20625479491698,119.43412090963831,118.12893518654946,63.803213814637246,68.80115726270041,1.8142083602328611
person_14,front,4,90.0,54.29381242333698,51.04560542657638,120.44723403213003,119.59282770171556,64.31075693461993,68.84377396362322,2.225028828150767
person_14,front,4,91.0,53.82661781795286,51.58958871640094,118.88793026107963,118.19141671343549,61.69149686746278,70.86557810563409,3.492878329334409
person_14,front,4,92.0,53.56571042177129,52.49474272598886,115.73888002012418,115.59463605064022,59.09631600451606,71.51544405707995,6.551375999935236
person_14,front,4,93.0,55.490372353828214,55.11867459189948,111.38911906516033,112.81119565685009,58.9545267708669,67.89898174963594,12.531916906858234
person_14,front,4,94.0,55.88649326633139,54.94183304922146,109.85797120888651,110.67756606051503,59.954901421273064,66.87197940233703,14.32196271789866
person_14,front,4,95.0,56.09851882980822,55.29213922347353,108.531950753618,109.22587914977414,59.82147142841721,65.9539456665086,15.960690718786811
person_14,front,4,96.0,56.582929962748,56.42841286158842,107.64518239283869,108.54163046523605,58.85737776576803,65.05116866032202,17.60522868981423
person_14,front,4,97.0,58.805993628624854,58.726927443393905,108.79736798252878,109.11969882755994,58.543928770507534,64.39808555296752,18.898088906057193
person_14,front,4,98.0,59.30018444008798,61.78682452147225,107.78694623037654,110.84164679387627,60.229639814076904,63.93675989751877,20.185875362314768
person_14,front,4,99.0,59.85032438732789,65.16979426743487,106.83082988655673,113.22481879859771,61.318108496971064,63.67686475707824,21.138898840558994
person_14,front,4,100.0,61.26461303358646,68.7186044319503,106.93101717461715,116.13347855167348,60.57047141198255,63.64740810059091,21.568144225183836
person_14,front,5,0.0,65.04402371993143,70.96169135031198,108.07902911436572,114.41906962472342,64.75758980991665,68.6689133074181,21.050424515474997
person_14,front,5,1.0,61.73947428724573,66.45933374425766,105.19992402438801,110.54348789475134,64.67155932341244,68.24311281153244,20.337386262890707
person_14,front,5,2.0,59.547910085125444,63.53335759778821,103.81153418430497,108.57441717065832,64.34467437446114,67.69127176089837,19.689777956566264
person_14,front,5,3.0,58.43368768018017,62.11221139449557,103.86534398297954,108.42161452188017,63.78918350018664,67.01313092051763,19.100264492012155
person_14,front,5,4.0,57.127499413153984,59.02869970628872,103.61086481404972,106.01365276139607,63.574555060750754,66.07321361103286,18.153645203301792
person_14,front,5,5.0,56.69544682317599,57.814976621625334,103.61342983214186,105.46519165027198,64.06864986383661,65.93940459257894,17.466342913235902
person_14,front,5,6.0,57.033159738417936,58.27812176270946,103.84912587349396,106.59582647418057,65.19586067686949,66.54406673154513,16.997614459825645
person_14,front,5,7.0,56.41393431244705,57.68005144958218,104.02369575642912,107.0433456056683,65.84013689253491,67.19610941031968,15.927116309430644
person_14,front,5,8.0,55.96503881466974,57.2332918803037,103.88665948785156,107.21749168505931,66.3757493273901,67.74611740555784,15.434159367149581
person_14,front,5,9.0,55.64063033154958,56.86834007972303,103.5057717678205,107.13618569946387,66.83074880331924,68.20924456120215,15.405606733269032
person_14,front,5,10.0,54.8429209617072,55.46898627250991,103.64704016308914,106.62719987711964,67.56219905482187,68.69332873269788,14.674700114728687
person_14,front,5,11.0,53.53264343245401,53.63419841935984,103.6046615921659,105.99811811115279,67.89616638738902,69.00844363992498,13.910270726939121
person_14,front,5,12.0,51.857683440365435,51.52811846660793,103.43136902517422,105.30152555783931,67.85674232207423,69.09352128174176,13.115166980013589
person_14,front,5,13.0,50.984608586230586,50.7097983966188,103.5414024126905,105.07529576224034,67.01236804274117,67.71329516542467,12.265036900217
person_14,front,5,14.0,50.96199571759366,51.0939464945708,104.9334849326352,106.87800464900062,67.1215188895812,67.65688912675634,10.686629858906635
person_14,front,5,15.0,51.34295238911845,52.01506847786289,106.88371218922083,109.64136619229252,67.82502727845582,68.4686736379814,8.876731343190318
person_14,front,5,16.0,48.68011530641031,48.2155205027505,103.62270081117363,105.11665356667244,66.87521036298502,67.51850254887158,11.088138422744095
person_14,front,5,17.0,47.38199400215979,46.658229108821835,101.83084627505308,103.31866435589032,66.77009671468208,67.40264816159602,12.069633284485123
person_14,front,5,18.0,47.11000705586864,46.72333693466815,101.41942642300982,103.68269063066347,67.28034670848507,67.85616929595405,11.901742124617423
person_14,front,5,19.0,47.30912732316598,46.916280244201815,104.31883660262947,106.1244572797646,67.8811818486439,68.00854273472807,9.025734394736938
person_14,front,5,20.0,47.52496226590372,47.05893325102037,106.98769774615718,108.18154697095521,68.58642205287869,68.63089252865015,6.558425543771563
person_14,front,5,21.0,47.72017853702422,47.17248295521182,109.40510403686764,109.91714314081075,69.11666866326038,69.55669690022224,4.465826189619353
person_14,front,5,22.0,47.641957000663204,47.327541102594125,111.00107386939106,111.12271152713389,67.54291231274759,70.36439159686631,3.22040758014253
person_14,front,5,23.0,47.21707463948763,46.86400808449153,111.78115493870023,111.49207516118713,67.29501180485393,70.9251418509239,2.531377037863649
person_14,front,5,24.0,46.65635273487529,46.11797190582405,112.39346081681352,111.64363026456428,67.97405289825856,71.46473040139429,2.419531276666969
person_14,front,5,25.0,46.71508768908009,46.18152018583758,115.58419710732893,114.09963431390652,69.28848689094009,73.00316838464008,3.9622912787513815
person_14,front,5,26.0,46.49389680580516,45.46572304797776,115.59005607555707,113.6835358175849,71.13655791289452,73.65541503503894,3.8496662062819684
person_14,front,5,27.0,46.1049822143175,44.37342684416698,113.96040190709456,111.83123652618465,73.18185890929232,73.84273045405048,2.944565781976949
person_14,front,5,28.0,45.70897109145262,43.844355855329205,114.00789619455304,111.74074557976085,74.45117716838408,74.43323357932815,3.2824240905595197
person_14,front,5,29.0,45.149078459570084,43.09582906909081,113.03657699014015,110.68334486425223,75.03543993839514,74.4263714319546,3.0010827918270215
person_14,front,5,30.0,44.53360191834255,42.37086130921605,111.76967864783546,109.41586168901576,75.41322860096989,74.2395150862979,2.5502312781478524
person_14,front,5,31.0,44.122668964397704,42.47835565273978,112.05922772391978,110.02703073544225,76.79354719781436,74.92714691039654,3.103090289986631
person_14,front,5,32.0,43.56039787582907,42.240047782678694,110.34807485432535,108.39082936928092,77.46443324404463,75.79214682679552,2.850127518496191
person_14,front,5,33.0,42.9310270667416,41.78163034520308,107.69841921871003,105.88586122869016,77.74076576905485,76.48674003906166,2.3717866738303313
person_14,front,5,34.0,42.362792220540626,41.12288909985109,105.59511335697646,104.93868597904772,77.89637360171993,75.84180386730698,2.890484846982248
person_14,front,5,35.0,41.623586113111614,40.396409881092296,101.3150458469364,101.32222897172846,78.34156578791892,76.03104399973208,5.729945185116501
person_14,front,5,36.0,40.8893099069694,39.73620823319527,96.64889680508279,96.99740412320341,79.11977995065014,76.58906881969632,9.17648726769699
person_14,front,5,37.0,40.56073135225453,39.531562021789256,95.09076591732614,95.40706171876089,80.77546138030952,76.9681839611455,10.20526101301041
person_14,front,5,38.0,40.03408084679035,38.89969587541903,94.2567031064869,94.57736708395937,81.74776229608966,76.85565076302038,10.377020490628222
person_14,front,5,39.0,39.39838199005736,38.137057389261315,93.51424044699822,93.87157405965391,82.03695350894415,76.64141566728091,10.401773741541493
person_14,front,5,40.0,38.685321072451416,37.6413568867446,91.7792051733464,92.23801687096605,80.78452097710257,76.93704964077746,11.441059956389136
person_14,front,5,41.0,38.168317077681536,37.151880051490515,90.36344408933692,90.5705009248051,80.32639595368963,77.44808511424024,12.382118721590544
person_14,front,5,42.0,37.70898277202483,36.62131369617029,88.62453083708013,88.4920679673193,79.8540332324598,77.78033201479879,13.698984033517736
person_14,front,5,43.0,37.15213305204393,35.92516818920397,85.14792352384323,84.91272620696307,78.04818713099257,77.08873708394594,16.596784306719883
person_14,front,5,44.0,36.74567767528384,35.34239830419927,83.31400075337962,82.91416228990113,77.71065847393899,76.69608139461,17.92737416430283
person_14,front,5,45.0,36.45037944543721,34.943789103181835,82.05002120494788,81.4928495541546,77.91478415252112,76.39280604196153,18.740087091107487
person_14,front,5,46.0,36.33405153169314,35.02802705873961,80.50771659253223,79.90349576200326,77.98178703480606,75.98917145285927,19.9080542837582
person_14,front,5,47.0,35.99103592036405,34.651968961551695,80.29439801454866,79.84263726273106,77.45131708778202,75.53219218302628,19.47680224602177
person_14,front,5,48.0,35.58520199500659,34.17061839179514,80.47710333708346,80.23747516799266,76.67713706099595,75.06026594335488,18.553838261777486
person_14,front,5,49.0,35.24456748243767,33.89261716830327,80.36600068485656,80.29510214987026,75.82572306479705,74.60315850379136,17.936097618314196
person_14,front,5,50.0,34.71576149129036,33.63645660042524,79.46923474951484,79.59641148308319,74.63259001107812,73.25678876281395,18.080340173302723
person_14,front,5,51.0,34.23844845781046,33.509364929887255,78.66602990665632,78.94206725728203,73.66736206544405,71.90323970227945,18.239017183017936
person_14,front,5,52.0,34.10075677840137,33.74004700767675,78.92366803068673,79.17447138892774,73.71416231875611,71.41783729740271,17.67816527288924
person_14,front,5,53.0,33.92847889350792,34.0151421443842,79.18218432151863,79.27849088781588,73.5190159488295,71.1427677549978,17.24682387929992
person_14,front,5,54.0,33.83243203454608,34.320587116449204,79.38516538566887,79.2887310945001,73.36591973075056,70.96414912452636,16.946027195223078
person_14,front,5,55.0,33.97344064279863,34.670720977802695,79.43621724039659,79.15332762020864,73.53392316636054,70.86846062994142,16.889996289038166
person_14,front,5,56.0,34.0224418589492,34.67417368584815,80.36650760776075,80.09973804300508,74.3269794140272,71.54666049999938,15.855533839189325
person_14,front,5,57.0,34.06197457618038,34.664049073866046,81.21029515582399,81.01505465504108,74.94640451140846,72.01912663735295,14.880712173110476
person_14,front,5,58.0,34.14463679645876,34.87226599993354,81.19480864915717,81.06345207926205,74.67167841871571,71.40787716805376,14.76958899663475
person_14,front,5,59.0,34.347844055810825,35.21199543592868,81.33807617962496,81.1495108739138,74.58057105231471,71.01862983472131,14.577901607080879
person_14,front,5,60.0,34.39716109058705,35.48206849512492,81.43591640046807,81.2316608478673,74.33517583589564,70.65747245184981,14.438301820052963
person_14,front,5,61.0,34.01000719599638,35.50681205796415,81.32845512630203,81.28124661983699,73.61322198146249,70.22451757948029,14.471118514249174
person_14,front,5,62.0,33.78278782854743,35.35996677688739,81.28902719119752,81.49759606143549,73.74980168156938,70.42867862632578,14.54457112996092
person_14,front,5,63.0,33.71430150134118,35.32334915314615,81.37918727437197,81.82882402347433,74.19987102693851,70.75403194557275,14.593809499800798
person_14,front,5,64.0,33.90917674797282,35.61866771060699,81.71733033871585,82.32375001931895,74.88389558678422,71.00887934326308,14.568578321305571
person_14,front,5,65.0,34.100540529048104,35.816118474110674,82.28327610971547,83.01611849639846,78.34382283594832,71.95648736016005,14.360717450812556
person_14,front,5,66.0,33.98155808979227,35.69821436675152,82.29711566364466,83.19857609144665,81.09836095903005,73.29966298465904,14.648376745233763
person_14,front,5,67.0,33.229343663826484,34.97894274150094,81.07998302844709,82.24991932873097,81.17122508270211,75.14278827398722,16.031104173408266
person_14,front,5,68.0,32.95806621146479,34.49211383761876,80.6797411279751,81.808509139708,80.84180137973073,76.0774199482945,16.73070728769217
person_14,front,5,69.0,32.88937356175429,34.183573320464035,79.59007426938491,80.67446996964372,79.92182629117895,75.8759121143651,18.23583682538915
person_14,front,5,70.0,33.02750968417745,34.12875975032335,76.87453923345737,78.02479015442955,78.02327099612508,73.84231046162739,21.53867542769246
person_14,front,5,71.0,33.815754887121166,35.17821921201819,78.63353783409268,79.73026607755104,76.67952183203927,73.0435542519625,20.82186637568369
person_14,front,5,72.0,34.770991046969414,36.51239939844428,81.2134708730913,82.27762675579028,75.56852284787422,72.46580462169487,19.46787654353667
person_14,front,5,73.0,35.82107218543549,38.009600851410546,83.85777587459458,84.96441913527889,74.7001437867132,71.89587924989314,18.23575688626935
person_14,front,5,74.0,36.99785699806094,38.98138512662683,89.64478095575834,90.87244435947656,73.61153589699325,71.67468877824344,14.199251649570183
person_14,front,5,75.0,38.32427077087414,40.02842342117758,95.41010917408258,96.66941157450383,73.05528938342317,71.39952233726306,10.165740437058467
person_14,front,5,76.0,39.8690308596771,41.338859291099546,100.31975086275939,101.44005925460749,73.45082135916103,70.94276468693994,6.868333494854271
person_14,front,5,77.0,41.25961952666153,42.49402815684409,104.4866939511887,105.87692738920308,72.64511779524805,70.31646099025035,3.7959959575863773
person_14,front,5,78.0,42.39047299373657,43.387996834669444,106.59146174131098,107.94215256900667,72.08961580830471,70.06430354574665,2.798246596660795
person_14,front,5,79.0,43.14470897565886,43.90327211144764,105.60314158767608,106.33884801170782,72.18551073902432,70.43839830935627,5.023838848351208
person_14,front,5,80.0,43.616091695148164,44.18687469880576,105.26394372278796,106.04485399812272,71.03083167390074,69.66784142098373,5.88530307262024
person_14,front,5,81.0,44.08271961040474,44.24710202892476,105.34756640660868,105.87751085630016,69.75045552317965,68.58028977451055,6.504177811321964
person_14,front,5,82.0,44.591191589440726,44.016445245255944,105.94539592749857,105.67149804780493,68.50001005974377,67.22095729045306,6.999435934169618
person_14,front,5,83.0,45.09358111625969,44.09344611478792,106.4977902677569,105.77814012786865,68.05568856085648,66.69271030845685,7.214416678165474
person_14,front,5,84.0,45.7485643226122,44.54745735621316,107.02565734818741,106.26488578515814,67.64877738098974,66.3444672230621,7.399710616262038
person_14,front,5,85.0,46.61692203565619,45.48444036806291,107.52558618572408,107.23822697306669,67.18353256016607,66.13308319067234,7.582053732003164
person_14,front,5,86.0,47.64232435766561,46.55260652408046,108.91255729119949,109.52509040739457,66.68667823590336,65.89665011088799,6.697115438986933
person_14,front,5,87.0,48.48481015295096,47.400262298336585,110.01722057700303,110.9407255773195,65.92048626615629,65.63643809253816,6.3221419974425155
person_14,front,5,88.0,49.07101685331677,47.945110921968805,110.65822688057338,111.07594750044073,64.80470937588211,65.34771447226657,6.728181157528505
person_14,front,5,89.0,49.985734680163596,49.305882448356805,110.2919095441372,112.29998145267956,64.0179214332712,65.37482153782165,7.470938507663916
person_14,front,5,90.0,50.91943349521704,50.640309803153706,110.49834966700152,113.34595037251832,63.755303443698196,65.45713756177095,7.834283146870604
person_14,front,5,91.0,51.850817514921516,51.87835363753436,111.4900710260301,114.08704428133382,64.11339963204965,65.5828129193259,7.703318092266619
person_14,front,5,92.0,53.54617369907355,53.88933410956671,113.71670067176656,116.43148670382517,63.97167199804136,65.91279421411018,7.02680724046347
person_14,front,5,93.0,54.84146991871124,56.13745670557915,114.47061392643933,118.05985490032079,63.626109847189106,66.05913266906717,7.566674754494526
person_14,front,5,94.0,55.630593178670814,58.618894975373685,113.44705305814075,118.76937397576239,63.07104479613846,65.98108697877075,9.548807742809565
person_14,front,5,95.0,58.16959925223412,61.629512618580094,112.22743936037826,117.94606781424754,62.93325013671247,66.45846286497763,12.965103108773512
person_14,front,5,96.0,60.75376087339714,64.13693283953013,111.68282622603968,117.57744037574444,62.96367735299589,67.05696844556996,15.547590966896044
person_14,front,5,97.0,63.32842108775105,66.07617195866668,111.88309288970682,117.75770325524073,63.16405449227216,67.76926755711018,17.16983678329997
person_14,front,5,98.0,63.98981391406522,67.95132747028002,111.587250388605,117.7113676359387,63.33081789952329,67.36779951840255,18.377138706459544
person_14,front,5,99.0,64.05015415847967,68.47188608615417,111.27038457750763,117.12561208967591,63.08993100159733,66.69688079117044,19.221951188373158
person_14,front,5,100.0,63.52109545771983,67.59779980240349,110.93960297392732,115.98762790836226,62.42956549121566,65.76573283439726,19.699767245224507
