video,view,frame,timestamp_ms,fps,knee_angle_deg,rep_id,phase
person_4.mp4,front,0,0,59.927403857559725,135.51037419674708,0,outside
person_4.mp4,front,1,17,59.927403857559725,134.0888553086672,0,outside
person_4.mp4,front,2,33,59.927403857559725,135.32531602108634,0,outside
person_4.mp4,front,3,50,59.927403857559725,135.0215276502995,0,outside
person_4.mp4,front,4,67,59.927403857559725,134.6875084195434,0,outside
person_4.mp4,front,5,83,59.927403857559725,134.5851282827585,0,outside
person_4.mp4,front,6,100,59.927403857559725,135.69514079966083,0,outside
person_4.mp4,front,7,117,59.927403857559725,135.51345047659956,0,outside
person_4.mp4,front,8,133,59.927403857559725,135.6487595212573,0,outside
person_4.mp4,front,9,150,59.927403857559725,135.42434222930018,0,outside
person_4.mp4,front,10,167,59.927403857559725,135.22564299572144,0,outside
person_4.mp4,front,11,184,59.927403857559725,134.71674045789555,0,outside
person_4.mp4,front,12,200,59.927403857559725,134.5454339281593,0,outside
person_4.mp4,front,13,217,59.927403857559725,135.57687621169055,0,outside
person_4.mp4,front,14,234,59.927403857559725,135.38182098004134,0,outside
person_4.mp4,front,15,250,59.927403857559725,134.21460940239518,0,outside
person_4.mp4,front,16,267,59.927403857559725,133.36607513278048,0,outside
person_4.mp4,front,17,284,59.927403857559725,131.42766847753683,0,outside
person_4.mp4,front,18,300,59.927403857559725,132.5639061778823,0,outside
person_4.mp4,front,19,317,59.927403857559725,130.69107420390955,0,outside
person_4.mp4,front,20,334,59.927403857559725,129.37929568487795,0,outside
person_4.mp4,front,21,350,59.927403857559725,129.32399794926422,0,outside
person_4.mp4,front,22,367,59.927403857559725,129.07135778686433,0,outside
person_4.mp4,front,23,384,59.927403857559725,129.29912063907364,0,outside
person_4.mp4,front,24,400,59.927403857559725,129.13916913405194,0,outside
person_4.mp4,front,25,417,59.927403857559725,128.7599966667221,0,outside
person_4.mp4,front,26,434,59.927403857559725,128.3623143794535,0,outside
person_4.mp4,front,27,451,59.927403857559725,128.86758651500432,0,outside
person_4.mp4,front,28,467,59.927403857559725,129.62142241417934,0,outside
person_4.mp4,front,29,484,59.927403857559725,130.31387436196746,0,outside
person_4.mp4,front,30,501,59.927403857559725,131.70828900848477,0,outside
person_4.mp4,front,31,517,59.927403857559725,132.27823875285324,0,outside
person_4.mp4,front,32,534,59.927403857559725,132.96856773118893,0,outside
person_4.mp4,front,33,551,59.927403857559725,132.56332520675605,0,outside
person_4.mp4,front,34,567,59.927403857559725,133.42718811197204,0,outside
person_4.mp4,front,35,584,59.927403857559725,132.29385722100304,0,outside
person_4.mp4,front,36,601,59.927403857559725,131.55674094063266,0,outside
person_4.mp4,front,37,617,59.927403857559725,133.62893698368848,0,outside
person_4.mp4,front,38,634,59.927403857559725,133.2844299761868,0,outside
person_4.mp4,front,39,651,59.927403857559725,131.97916390441128,0,outside
person_4.mp4,front,40,667,59.927403857559725,128.9073784508709,0,outside
person_4.mp4,front,41,684,59.927403857559725,125.60289289573652,0,outside
person_4.mp4,front,42,701,59.927403857559725,123.60742136936948,0,outside
person_4.mp4,front,43,718,59.927403857559725,119.35861332473468,0,outside
person_4.mp4,front,44,734,59.927403857559725,116.51173683167008,0,outside
person_4.mp4,front,45,751,59.927403857559725,108.41618228170086,0,outside
person_4.mp4,front,46,768,59.927403857559725,112.59973276781396,0,outside
person_4.mp4,front,47,784,59.927403857559725,111.06984889346117,0,outside
person_4.mp4,front,48,801,59.927403857559725,108.68020688678084,0,outside
person_4.mp4,front,49,818,59.927403857559725,103.03963935032192,0,outside
person_4.mp4,front,50,834,59.927403857559725,100.34517185403104,0,outside
person_4.mp4,front,51,851,59.927403857559725,96.45194999241414,0,outside
person_4.mp4,front,52,868,59.927403857559725,95.29724441768889,0,outside
person_4.mp4,front,53,884,59.927403857559725,93.87147010339018,0,outside
person_4.mp4,front,54,901,59.927403857559725,94.0663520696688,0,outside
person_4.mp4,front,55,918,59.927403857559725,91.90900620149462,0,outside
person_4.mp4,front,56,934,59.927403857559725,88.11975912562079,0,outside
person_4.mp4,front,57,951,59.927403857559725,86.47760619530995,0,outside
person_4.mp4,front,58,968,59.927403857559725,85.29014055542405,0,outside
person_4.mp4,front,59,985,59.927403857559725,81.9678056682591,0,outside
person_4.mp4,front,60,1001,59.927403857559725,82.15276630419983,0,outside
person_4.mp4,front,61,1018,59.927403857559725,79.48544413966661,0,outside
person_4.mp4,front,62,1035,59.927403857559725,77.4153160512256,1,descent
person_4.mp4,front,63,1051,59.927403857559725,77.869974273315,1,descent
person_4.mp4,front,64,1068,59.927403857559725,71.68440571581145,1,descent
person_4.mp4,front,65,1085,59.927403857559725,66.75652426006457,1,descent
person_4.mp4,front,66,1101,59.927403857559725,65.1198946111956,1,descent
person_4.mp4,front,67,1118,59.927403857559725,65.06316125186986,1,descent
person_4.mp4,front,68,1135,59.927403857559725,65.04785114422987,1,descent
person_4.mp4,front,69,1151,59.927403857559725,62.47994818797776,1,descent
person_4.mp4,front,70,1168,59.927403857559725,59.87192951673636,1,descent
person_4.mp4,front,71,1185,59.927403857559725,59.44045627641985,1,descent
person_4.mp4,front,72,1201,59.927403857559725,57.63757642321183,1,descent
person_4.mp4,front,73,1218,59.927403857559725,56.36858261608734,1,descent
person_4.mp4,front,74,1235,59.927403857559725,56.12002202750287,1,descent
person_4.mp4,front,75,1252,59.927403857559725,56.60807262331903,1,bottom
person_4.mp4,front,76,1268,59.927403857559725,56.617055110392826,1,ascent
person_4.mp4,front,77,1285,59.927403857559725,56.42603425281668,1,ascent
person_4.mp4,front,78,1302,59.927403857559725,58.721953028862984,1,ascent
person_4.mp4,front,79,1318,59.927403857559725,59.59756068150218,1,ascent
person_4.mp4,front,80,1335,59.927403857559725,63.25190100345564,1,ascent
person_4.mp4,front,81,1352,59.927403857559725,60.51116024779697,1,ascent
person_4.mp4,front,82,1368,59.927403857559725,64.09839208352163,1,ascent
person_4.mp4,front,83,1385,59.927403857559725,69.12092914877873,1,ascent
person_4.mp4,front,84,1402,59.927403857559725,64.63795104136385,1,ascent
person_4.mp4,front,85,1418,59.927403857559725,67.7384528828035,1,ascent
person_4.mp4,front,86,1435,59.927403857559725,64.86934639885266,1,ascent
person_4.mp4,front,87,1452,59.927403857559725,68.52803682674663,1,ascent
person_4.mp4,front,88,1468,59.927403857559725,66.82658947023545,1,ascent
person_4.mp4,front,89,1485,59.927403857559725,68.30654165930312,1,ascent
person_4.mp4,front,90,1502,59.927403857559725,65.2916421400901,1,ascent
person_4.mp4,front,91,1519,59.927403857559725,67.28826025496754,1,ascent
person_4.mp4,front,92,1535,59.927403857559725,67.93652929967678,1,ascent
person_4.mp4,front,93,1552,59.927403857559725,68.65146641462587,1,ascent
person_4.mp4,front,94,1569,59.927403857559725,68.25097068675754,1,ascent
person_4.mp4,front,95,1585,59.927403857559725,71.95715307065191,1,ascent
person_4.mp4,front,96,1602,59.927403857559725,73.90151127471032,1,ascent
person_4.mp4,front,97,1619,59.927403857559725,74.7688538230235,1,ascent
person_4.mp4,front,98,1635,59.927403857559725,74.54240572369787,1,ascent
person_4.mp4,front,99,1652,59.927403857559725,73.14370930845647,1,ascent
person_4.mp4,front,100,1669,59.927403857559725,72.63186505856123,1,ascent
person_4.mp4,front,101,1685,59.927403857559725,70.71737233186745,1,ascent
person_4.mp4,front,102,1702,59.927403857559725,67.31804322004214,1,ascent
person_4.mp4,front,103,1719,59.927403857559725,65.73681245011903,1,ascent
person_4.mp4,front,104,1735,59.927403857559725,66.49123747135837,1,ascent
person_4.mp4,front,105,1752,59.927403857559725,68.48299704777946,1,ascent
person_4.mp4,front,106,1769,59.927403857559725,70.74601015559647,1,ascent
person_4.mp4,front,107,1785,59.927403857559725,73.92689220761142,1,ascent
person_4.mp4,front,108,1802,59.927403857559725,79.45484392475453,1,ascent
person_4.mp4,front,109,1819,59.927403857559725,82.24067873909772,0,outside
person_4.mp4,front,110,1836,59.927403857559725,87.65430361631687,0,outside
person_4.mp4,front,111,1852,59.927403857559725,94.99362042937068,0,outside
person_4.mp4,front,112,1869,59.927403857559725,94.8107775333018,0,outside
person_4.mp4,front,113,1886,59.927403857559725,96.67266040190782,0,outside
person_4.mp4,front,114,1902,59.927403857559725,101.268717635205,0,outside
person_4.mp4,front,115,1919,59.927403857559725,100.98024132918161,0,outside
person_4.mp4,front,116,1936,59.927403857559725,104.48325977465959,0,outside
person_4.mp4,front,117,1952,59.927403857559725,107.23049410811109,0,outside
person_4.mp4,front,118,1969,59.927403857559725,113.74327997297377,0,outside
person_4.mp4,front,119,1986,59.927403857559725,116.03002601982308,0,outside
person_4.mp4,front,120,2002,59.927403857559725,115.47108796070037,0,outside
person_4.mp4,front,121,2019,59.927403857559725,120.24779567912137,0,outside
person_4.mp4,front,122,2036,59.927403857559725,123.53370225213038,0,outside
person_4.mp4,front,123,2052,59.927403857559725,122.24942883972943,0,outside
person_4.mp4,front,124,2069,59.927403857559725,122.54044645109475,0,outside
person_4.mp4,front,125,2086,59.927403857559725,122.51754242998908,0,outside
person_4.mp4,front,126,2103,59.927403857559725,125.61622125459114,0,outside
person_4.mp4,front,127,2119,59.927403857559725,127.09683100941405,0,outside
person_4.mp4,front,128,2136,59.927403857559725,127.26767572678459,0,outside
person_4.mp4,front,129,2153,59.927403857559725,129.96328583512715,0,outside
person_4.mp4,front,130,2169,59.927403857559725,131.7904638717956,0,outside
person_4.mp4,front,131,2186,59.927403857559725,131.21603076924907,0,outside
person_4.mp4,front,132,2203,59.927403857559725,131.85366988852047,0,outside
person_4.mp4,front,133,2219,59.927403857559725,130.77756783817432,0,outside
person_4.mp4,front,134,2236,59.927403857559725,131.07729340725552,0,outside
person_4.mp4,front,135,2253,59.927403857559725,131.74185022983943,0,outside
person_4.mp4,front,136,2269,59.927403857559725,132.08467348549047,0,outside
person_4.mp4,front,137,2286,59.927403857559725,132.95823522556293,0,outside
person_4.mp4,front,138,2303,59.927403857559725,132.2056813990846,0,outside
person_4.mp4,front,139,2319,59.927403857559725,132.04347144971163,0,outside
person_4.mp4,front,140,2336,59.927403857559725,132.43865929864185,0,outside
person_4.mp4,front,141,2353,59.927403857559725,131.24162899440606,0,outside
person_4.mp4,front,142,2370,59.927403857559725,130.70353235485442,0,outside
person_4.mp4,front,143,2386,59.927403857559725,130.35621008684018,0,outside
person_4.mp4,front,144,2403,59.927403857559725,130.34282005364673,0,outside
person_4.mp4,front,145,2420,59.927403857559725,130.61052165031037,0,outside
person_4.mp4,front,146,2436,59.927403857559725,132.21548706440953,0,outside
person_4.mp4,front,147,2453,59.927403857559725,131.83041846292275,0,outside
person_4.mp4,front,148,2470,59.927403857559725,132.10308735653814,0,outside
person_4.mp4,front,149,2486,59.927403857559725,132.1402712774912,0,outside
person_4.mp4,front,150,2503,59.927403857559725,132.75259981313275,0,outside
person_4.mp4,front,151,2520,59.927403857559725,134.05210547179078,0,outside
person_4.mp4,front,152,2536,59.927403857559725,135.49480513102213,0,outside
person_4.mp4,front,153,2553,59.927403857559725,135.6281555178079,0,outside
person_4.mp4,front,154,2570,59.927403857559725,135.96169269254239,0,outside
person_4.mp4,front,155,2586,59.927403857559725,136.46081195383488,0,outside
person_4.mp4,front,156,2603,59.927403857559725,137.36476891783636,0,outside
person_4.mp4,front,157,2620,59.927403857559725,136.93123517253912,0,outside
person_4.mp4,front,158,2637,59.927403857559725,136.97763979930255,0,outside
person_4.mp4,front,159,2653,59.927403857559725,137.43975072363236,0,outside
person_4.mp4,front,160,2670,59.927403857559725,137.8724613229512,0,outside
person_4.mp4,front,161,2687,59.927403857559725,138.7962075930252,0,outside
person_4.mp4,front,162,2703,59.927403857559725,138.37870934431822,0,outside
person_4.mp4,front,163,2720,59.927403857559725,139.19952801914718,0,outside
person_4.mp4,front,164,2737,59.927403857559725,139.2563297028038,0,outside
person_4.mp4,front,165,2753,59.927403857559725,139.57778937233093,0,outside
person_4.mp4,front,166,2770,59.927403857559725,139.3014814324987,0,outside
person_4.mp4,front,167,2787,59.927403857559725,139.35932143073785,0,outside
person_4.mp4,front,168,2803,59.927403857559725,139.8108070501899,0,outside
person_4.mp4,front,169,2820,59.927403857559725,140.23991626559683,0,outside
person_4.mp4,front,170,2837,59.927403857559725,140.50505619506947,0,outside
person_4.mp4,front,171,2853,59.927403857559725,140.51910923881013,0,outside
person_4.mp4,front,172,2870,59.927403857559725,140.39505290073532,0,outside
person_4.mp4,front,173,2887,59.927403857559725,140.87445703677895,0,outside
person_4.mp4,front,174,2904,59.927403857559725,140.4752324189476,0,outside
person_4.mp4,front,175,2920,59.927403857559725,140.55503458739338,0,outside
person_4.mp4,front,176,2937,59.927403857559725,140.75726341396603,0,outside
person_4.mp4,front,177,2954,59.927403857559725,140.52933361701093,0,outside
person_4.mp4,front,178,2970,59.927403857559725,140.3036691374963,0,outside
person_4.mp4,front,179,2987,59.927403857559725,139.37657647482825,0,outside
person_4.mp4,front,180,3004,59.927403857559725,139.0566513814073,0,outside
person_4.mp4,front,181,3020,59.927403857559725,139.21852781731843,0,outside
person_4.mp4,front,182,3037,59.927403857559725,139.68138082959518,0,outside
person_4.mp4,front,183,3054,59.927403857559725,138.4493605368799,0,outside
person_4.mp4,front,184,3070,59.927403857559725,138.84325291017558,0,outside
person_4.mp4,front,185,3087,59.927403857559725,137.8727976731152,0,outside
person_4.mp4,front,186,3104,59.927403857559725,138.17861654281936,0,outside
person_4.mp4,front,187,3120,59.927403857559725,137.7558127464826,0,outside
person_4.mp4,front,188,3137,59.927403857559725,138.8563791861024,0,outside
person_4.mp4,front,189,3154,59.927403857559725,137.6149010609447,0,outside
person_4.mp4,front,190,3171,59.927403857559725,135.93593778001684,0,outside
person_4.mp4,front,191,3187,59.927403857559725,134.96038820081264,0,outside
person_4.mp4,front,192,3204,59.927403857559725,134.2062752571881,0,outside
person_4.mp4,front,193,3221,59.927403857559725,132.80880570539136,0,outside
person_4.mp4,front,194,3237,59.927403857559725,132.4403586766738,0,outside
person_4.mp4,front,195,3254,59.927403857559725,132.46136175305753,0,outside
person_4.mp4,front,196,3271,59.927403857559725,133.1989596069139,0,outside
person_4.mp4,front,197,3287,59.927403857559725,133.39774065716264,0,outside
person_4.mp4,front,198,3304,59.927403857559725,133.20371785443683,0,outside
person_4.mp4,front,199,3321,59.927403857559725,133.76364217606476,0,outside
person_4.mp4,front,200,3337,59.927403857559725,133.40907079447393,0,outside
person_4.mp4,front,201,3354,59.927403857559725,134.36287502371232,0,outside
person_4.mp4,front,202,3371,59.927403857559725,136.1834269792272,0,outside
person_4.mp4,front,203,3387,59.927403857559725,133.7401826329664,0,outside
person_4.mp4,front,204,3404,59.927403857559725,132.7403260181839,0,outside
person_4.mp4,front,205,3421,59.927403857559725,130.93554867595543,0,outside
person_4.mp4,front,206,3437,59.927403857559725,128.25202934656346,0,outside
person_4.mp4,front,207,3454,59.927403857559725,125.468397621649,0,outside
person_4.mp4,front,208,3471,59.927403857559725,123.75902311236167,0,outside
person_4.mp4,front,209,3488,59.927403857559725,120.51807394571492,0,outside
person_4.mp4,front,210,3504,59.927403857559725,118.49406396878922,0,outside
person_4.mp4,front,211,3521,59.927403857559725,116.85939884234479,0,outside
person_4.mp4,front,212,3538,59.927403857559725,111.74999293293985,0,outside
person_4.mp4,front,213,3554,59.927403857559725,95.63151340462251,0,outside
person_4.mp4,front,214,3571,59.927403857559725,98.87254787672882,0,outside
person_4.mp4,front,215,3588,59.927403857559725,93.25142885646073,0,outside
person_4.mp4,front,216,3604,59.927403857559725,89.24560609204403,0,outside
person_4.mp4,front,217,3621,59.927403857559725,87.26686813530895,0,outside
person_4.mp4,front,218,3638,59.927403857559725,88.5093182933868,0,outside
person_4.mp4,front,219,3654,59.927403857559725,87.88651766261916,0,outside
person_4.mp4,front,220,3671,59.927403857559725,87.54704991859808,0,outside
person_4.mp4,front,221,3688,59.927403857559725,88.90078216057694,0,outside
person_4.mp4,front,222,3704,59.927403857559725,88.22309322781348,0,outside
person_4.mp4,front,223,3721,59.927403857559725,85.263898130927,0,outside
person_4.mp4,front,224,3738,59.927403857559725,84.26033646162867,0,outside
person_4.mp4,front,225,3755,59.927403857559725,80.43704395682751,2,descent
person_4.mp4,front,226,3771,59.927403857559725,76.57969363482894,2,descent
person_4.mp4,front,227,3788,59.927403857559725,75.82649803645404,2,descent
person_4.mp4,front,228,3805,59.927403857559725,73.39273813299468,2,descent
person_4.mp4,front,229,3821,59.927403857559725,71.08728579380602,2,descent
person_4.mp4,front,230,3838,59.927403857559725,71.17041005234137,2,descent
person_4.mp4,front,231,3855,59.927403857559725,70.63904305543187,2,descent
person_4.mp4,front,232,3871,59.927403857559725,72.34302014640372,2,descent
person_4.mp4,front,233,3888,59.927403857559725,69.6133112994894,2,descent
person_4.mp4,front,234,3905,59.927403857559725,69.52997098361706,2,descent
person_4.mp4,front,235,3921,59.927403857559725,64.41032505362159,2,descent
person_4.mp4,front,236,3938,59.927403857559725,60.30519654950682,2,descent
person_4.mp4,front,237,3955,59.927403857559725,59.316776521180856,2,descent
person_4.mp4,front,238,3971,59.927403857559725,63.8210256720145,2,descent
person_4.mp4,front,239,3988,59.927403857559725,64.05741579609764,2,descent
person_4.mp4,front,240,4005,59.927403857559725,61.367079348337896,2,descent
person_4.mp4,front,241,4022,59.927403857559725,64.17388211614,2,descent
person_4.mp4,front,242,4038,59.927403857559725,62.94034711006444,2,descent
person_4.mp4,front,243,4055,59.927403857559725,65.26951067421626,2,descent
person_4.mp4,front,244,4072,59.927403857559725,62.09799755743285,2,descent
person_4.mp4,front,245,4088,59.927403857559725,59.901436093017594,2,descent
person_4.mp4,front,246,4105,59.927403857559725,57.26996939265412,2,descent
person_4.mp4,front,247,4122,59.927403857559725,64.72791533485118,2,descent
person_4.mp4,front,248,4138,59.927403857559725,65.25739462385934,2,descent
person_4.mp4,front,249,4155,59.927403857559725,65.06694058645067,2,descent
person_4.mp4,front,250,4172,59.927403857559725,62.12366499546799,2,descent
person_4.mp4,front,251,4188,59.927403857559725,59.00658126219474,2,descent
person_4.mp4,front,252,4205,59.927403857559725,61.7429187646166,2,descent
person_4.mp4,front,253,4222,59.927403857559725,61.11676333874129,2,bottom
person_4.mp4,front,254,4238,59.927403857559725,62.24171426742008,2,ascent
person_4.mp4,front,255,4255,59.927403857559725,60.047669408006776,2,ascent
person_4.mp4,front,256,4272,59.927403857559725,62.575609500931385,2,ascent
person_4.mp4,front,257,4289,59.927403857559725,62.48751933033871,2,ascent
person_4.mp4,front,258,4305,59.927403857559725,64.05547421925374,2,ascent
person_4.mp4,front,259,4322,59.927403857559725,64.95997375966797,2,ascent
person_4.mp4,front,260,4339,59.927403857559725,64.73679306010911,2,ascent
person_4.mp4,front,261,4355,59.927403857559725,67.87949278397078,2,ascent
person_4.mp4,front,262,4372,59.927403857559725,67.12983554373827,2,ascent
person_4.mp4,front,263,4389,59.927403857559725,64.65218824645409,2,ascent
person_4.mp4,front,264,4405,59.927403857559725,65.20231981421081,2,ascent
person_4.mp4,front,265,4422,59.927403857559725,66.58099439821345,2,ascent
person_4.mp4,front,266,4439,59.927403857559725,66.98691619025126,2,ascent
person_4.mp4,front,267,4455,59.927403857559725,67.74500817085729,2,ascent
person_4.mp4,front,268,4472,59.927403857559725,68.79445888980655,2,ascent
person_4.mp4,front,269,4489,59.927403857559725,71.06325955127703,2,ascent
person_4.mp4,front,270,4505,59.927403857559725,74.6622681729247,2,ascent
person_4.mp4,front,271,4522,59.927403857559725,75.21896819556028,2,ascent
person_4.mp4,front,272,4539,59.927403857559725,75.49589474050529,2,ascent
person_4.mp4,front,273,4556,59.927403857559725,76.64091472490881,2,ascent
person_4.mp4,front,274,4572,59.927403857559725,79.54300932007895,2,ascent
person_4.mp4,front,275,4589,59.927403857559725,82.07293113216775,2,ascent
person_4.mp4,front,276,4606,59.927403857559725,89.09741659639133,0,outside
person_4.mp4,front,277,4622,59.927403857559725,91.84470133489427,0,outside
person_4.mp4,front,278,4639,59.927403857559725,98.59967649174148,0,outside
person_4.mp4,front,279,4656,59.927403857559725,102.81423543606468,0,outside
person_4.mp4,front,280,4672,59.927403857559725,107.32570429190412,0,outside
person_4.mp4,front,281,4689,59.927403857559725,116.14375991888133,0,outside
person_4.mp4,front,282,4706,59.927403857559725,117.69621700741064,0,outside
person_4.mp4,front,283,4722,59.927403857559725,120.04415860040939,0,outside
person_4.mp4,front,284,4739,59.927403857559725,123.22229342379387,0,outside
person_4.mp4,front,285,4756,59.927403857559725,126.42212261569458,0,outside
person_4.mp4,front,286,4772,59.927403857559725,124.56428512446598,0,outside
person_4.mp4,front,287,4789,59.927403857559725,127.64133027775796,0,outside
person_4.mp4,front,288,4806,59.927403857559725,134.6167555402924,0,outside
person_4.mp4,front,289,4823,59.927403857559725,134.35484991022685,0,outside
person_4.mp4,front,290,4839,59.927403857559725,133.2065094056063,0,outside
person_4.mp4,front,291,4856,59.927403857559725,133.87816146399098,0,outside
person_4.mp4,front,292,4873,59.927403857559725,132.46915584181886,0,outside
person_4.mp4,front,293,4889,59.927403857559725,132.0224594382843,0,outside
person_4.mp4,front,294,4906,59.927403857559725,131.83790112830332,0,outside
person_4.mp4,front,295,4923,59.927403857559725,131.5054541400533,0,outside
person_4.mp4,front,296,4939,59.927403857559725,133.69333779892594,0,outside
person_4.mp4,front,297,4956,59.927403857559725,133.93333557683206,0,outside
person_4.mp4,front,298,4973,59.927403857559725,135.13283821040073,0,outside
person_4.mp4,front,299,4989,59.927403857559725,136.39899104210895,0,outside
person_4.mp4,front,300,5006,59.927403857559725,136.50155286141865,0,outside
person_4.mp4,front,301,5023,59.927403857559725,136.78354458389225,0,outside
person_4.mp4,front,302,5039,59.927403857559725,138.3427338110107,0,outside
person_4.mp4,front,303,5056,59.927403857559725,138.01737682324006,0,outside
person_4.mp4,front,304,5073,59.927403857559725,138.6080694786035,0,outside
person_4.mp4,front,305,5089,59.927403857559725,139.3726053311571,0,outside
person_4.mp4,front,306,5106,59.927403857559725,139.70455618357695,0,outside
person_4.mp4,front,307,5123,59.927403857559725,140.62726793131867,0,outside
person_4.mp4,front,308,5140,59.927403857559725,140.22073173991353,0,outside
person_4.mp4,front,309,5156,59.927403857559725,140.333228598787,0,outside
person_4.mp4,front,310,5173,59.927403857559725,138.93148679385374,0,outside
person_4.mp4,front,311,5190,59.927403857559725,139.39863096513622,0,outside
person_4.mp4,front,312,5206,59.927403857559725,139.18047093485995,0,outside
person_4.mp4,front,313,5223,59.927403857559725,139.821108908368,0,outside
person_4.mp4,front,314,5240,59.927403857559725,139.5260036990112,0,outside
person_4.mp4,front,315,5256,59.927403857559725,139.7766230892981,0,outside
person_4.mp4,front,316,5273,59.927403857559725,140.16832852462414,0,outside
person_4.mp4,front,317,5290,59.927403857559725,139.19551267706296,0,outside
person_4.mp4,front,318,5306,59.927403857559725,139.53834175830806,0,outside
person_4.mp4,front,319,5323,59.927403857559725,139.20288182734365,0,outside
person_4.mp4,front,320,5340,59.927403857559725,138.99405625387755,0,outside
person_4.mp4,front,321,5356,59.927403857559725,139.04101752347867,0,outside
person_4.mp4,front,322,5373,59.927403857559725,138.4796710675913,0,outside
person_4.mp4,front,323,5390,59.927403857559725,138.20915948135655,0,outside
person_4.mp4,front,324,5407,59.927403857559725,138.7117266450017,0,outside
person_4.mp4,front,325,5423,59.927403857559725,138.54628748425992,0,outside
person_4.mp4,front,326,5440,59.927403857559725,139.06195127592588,0,outside
person_4.mp4,front,327,5457,59.927403857559725,138.28712053375486,0,outside
person_4.mp4,front,328,5473,59.927403857559725,137.97752554387364,0,outside
person_4.mp4,front,329,5490,59.927403857559725,137.4772654498123,0,outside
person_4.mp4,front,330,5507,59.927403857559725,136.91838719761301,0,outside
person_4.mp4,front,331,5523,59.927403857559725,136.6554819664927,0,outside
person_4.mp4,front,332,5540,59.927403857559725,136.01464366909136,0,outside
person_4.mp4,front,333,5557,59.927403857559725,134.91948139396757,0,outside
person_4.mp4,front,334,5573,59.927403857559725,134.40084810540264,0,outside
person_4.mp4,front,335,5590,59.927403857559725,133.10098594352047,0,outside
person_4.mp4,front,336,5607,59.927403857559725,131.39300849155353,0,outside
person_4.mp4,front,337,5623,59.927403857559725,130.53842629742087,0,outside
person_4.mp4,front,338,5640,59.927403857559725,129.3447814209513,0,outside
person_4.mp4,front,339,5657,59.927403857559725,129.1888434980175,0,outside
person_4.mp4,front,340,5674,59.927403857559725,129.69258804195917,0,outside
person_4.mp4,front,341,5690,59.927403857559725,129.3425033239887,0,outside
person_4.mp4,front,342,5707,59.927403857559725,130.5583019651482,0,outside
person_4.mp4,front,343,5724,59.927403857559725,129.9884559456101,0,outside
person_4.mp4,front,344,5740,59.927403857559725,130.35706396111354,0,outside
person_4.mp4,front,345,5757,59.927403857559725,131.00121239551447,0,outside
person_4.mp4,front,346,5774,59.927403857559725,128.5665131170743,0,outside
person_4.mp4,front,347,5790,59.927403857559725,126.79743296864805,0,outside
person_4.mp4,front,348,5807,59.927403857559725,127.0828628034487,0,outside
person_4.mp4,front,349,5824,59.927403857559725,124.44512508875587,0,outside
person_4.mp4,front,350,5840,59.927403857559725,119.35465812259433,0,outside
person_4.mp4,front,351,5857,59.927403857559725,116.75297139775535,0,outside
person_4.mp4,front,352,5874,59.927403857559725,111.46320251436453,0,outside
person_4.mp4,front,353,5890,59.927403857559725,108.29815123083054,0,outside
person_4.mp4,front,354,5907,59.927403857559725,104.1679998595717,0,outside
person_4.mp4,front,355,5924,59.927403857559725,97.48998065674427,0,outside
person_4.mp4,front,356,5941,59.927403857559725,102.02148211792496,0,outside
person_4.mp4,front,357,5957,59.927403857559725,101.38779955275277,0,outside
person_4.mp4,front,358,5974,59.927403857559725,92.77381496850825,0,outside
person_4.mp4,front,359,5991,59.927403857559725,93.90745463802944,0,outside
person_4.mp4,front,360,6007,59.927403857559725,92.77143320966812,0,outside
person_4.mp4,front,361,6024,59.927403857559725,91.21852982407825,0,outside
person_4.mp4,front,362,6041,59.927403857559725,91.15166701450201,0,outside
person_4.mp4,front,363,6057,59.927403857559725,91.73816587458354,0,outside
person_4.mp4,front,364,6074,59.927403857559725,87.95445393933917,0,outside
person_4.mp4,front,365,6091,59.927403857559725,84.13877220540247,0,outside
person_4.mp4,front,366,6107,59.927403857559725,81.87332737138955,0,outside
person_4.mp4,front,367,6124,59.927403857559725,80.24131371316524,0,outside
person_4.mp4,front,368,6141,59.927403857559725,77.38248849393668,0,outside
person_4.mp4,front,369,6157,59.927403857559725,76.87262691465382,0,outside
person_4.mp4,front,370,6174,59.927403857559725,74.58055438363604,3,descent
person_4.mp4,front,371,6191,59.927403857559725,74.84774578660583,3,descent
person_4.mp4,front,372,6208,59.927403857559725,72.65579762638106,3,descent
person_4.mp4,front,373,6224,59.927403857559725,74.05465700715354,3,descent
person_4.mp4,front,374,6241,59.927403857559725,66.24036120579126,3,descent
person_4.mp4,front,375,6258,59.927403857559725,60.79644346217389,3,descent
person_4.mp4,front,376,6274,59.927403857559725,57.700614536515076,3,descent
person_4.mp4,front,377,6291,59.927403857559725,57.567874191830924,3,descent
person_4.mp4,front,378,6308,59.927403857559725,63.38818647826301,3,descent
person_4.mp4,front,379,6324,59.927403857559725,67.90803351255644,3,descent
person_4.mp4,front,380,6341,59.927403857559725,68.78951461119081,3,descent
person_4.mp4,front,381,6358,59.927403857559725,65.451830576708,3,descent
person_4.mp4,front,382,6374,59.927403857559725,60.85777756190333,3,descent
person_4.mp4,front,383,6391,59.927403857559725,58.53542920359122,3,descent
person_4.mp4,front,384,6408,59.927403857559725,59.22322688015821,3,descent
person_4.mp4,front,385,6424,59.927403857559725,57.47504147021143,3,descent
person_4.mp4,front,386,6441,59.927403857559725,53.454796309510584,3,descent
person_4.mp4,front,387,6458,59.927403857559725,54.46510453416615,3,descent
person_4.mp4,front,388,6475,59.927403857559725,52.923673838807446,3,descent
person_4.mp4,front,389,6491,59.927403857559725,57.054720883859176,3,descent
person_4.mp4,front,390,6508,59.927403857559725,56.70987493267887,3,descent
person_4.mp4,front,391,6525,59.927403857559725,59.34126374225458,3,descent
person_4.mp4,front,392,6541,59.927403857559725,58.08268799120381,3,descent
person_4.mp4,front,393,6558,59.927403857559725,59.43504464594868,3,descent
person_4.mp4,front,394,6575,59.927403857559725,61.903057021800024,3,descent
person_4.mp4,front,395,6591,59.927403857559725,54.1753144760945,3,descent
person_4.mp4,front,396,6608,59.927403857559725,54.04440189678856,3,descent
person_4.mp4,front,397,6625,59.927403857559725,52.99923504205378,3,descent
person_4.mp4,front,398,6641,59.927403857559725,57.26225457179385,3,descent
person_4.mp4,front,399,6658,59.927403857559725,53.28890752870383,3,bottom
person_4.mp4,front,400,6675,59.927403857559725,53.86833159460397,3,ascent
person_4.mp4,front,401,6691,59.927403857559725,53.757665406122705,3,ascent
person_4.mp4,front,402,6708,59.927403857559725,54.977453780730684,3,ascent
person_4.mp4,front,403,6725,59.927403857559725,58.278362867389134,3,ascent
person_4.mp4,front,404,6741,59.927403857559725,61.77575555540113,3,ascent
person_4.mp4,front,405,6758,59.927403857559725,62.605791798175076,3,ascent
person_4.mp4,front,406,6775,59.927403857559725,66.0285652834969,3,ascent
person_4.mp4,front,407,6792,59.927403857559725,64.1051898386245,3,ascent
person_4.mp4,front,408,6808,59.927403857559725,66.44985724342402,3,ascent
person_4.mp4,front,409,6825,59.927403857559725,72.02762870846942,3,ascent
person_4.mp4,front,410,6842,59.927403857559725,71.56912831822555,3,ascent
person_4.mp4,front,411,6858,59.927403857559725,75.2773818223881,3,ascent
person_4.mp4,front,412,6875,59.927403857559725,76.49939221937265,3,ascent
person_4.mp4,front,413,6892,59.927403857559725,79.14049199717965,0,outside
person_4.mp4,front,414,6908,59.927403857559725,81.17277764922046,0,outside
person_4.mp4,front,415,6925,59.927403857559725,85.35048098640831,0,outside
person_4.mp4,front,416,6942,59.927403857559725,88.3037393407493,0,outside
person_4.mp4,front,417,6958,59.927403857559725,92.19067960653979,0,outside
person_4.mp4,front,418,6975,59.927403857559725,92.41282048087855,0,outside
person_4.mp4,front,419,6992,59.927403857559725,95.2479559672065,0,outside
person_4.mp4,front,420,7008,59.927403857559725,103.08741374583286,0,outside
person_4.mp4,front,421,7025,59.927403857559725,108.62689531216174,0,outside
person_4.mp4,front,422,7042,59.927403857559725,112.85750387319754,0,outside
person_4.mp4,front,423,7059,59.927403857559725,115.35940888658776,0,outside
person_4.mp4,front,424,7075,59.927403857559725,115.78458954689165,0,outside
person_4.mp4,front,425,7092,59.927403857559725,119.48458031958276,0,outside
person_4.mp4,front,426,7109,59.927403857559725,122.70483274403131,0,outside
person_4.mp4,front,427,7125,59.927403857559725,121.96929431169607,0,outside
person_4.mp4,front,428,7142,59.927403857559725,126.17361990428884,0,outside
person_4.mp4,front,429,7159,59.927403857559725,131.36376884617124,0,outside
person_4.mp4,front,430,7175,59.927403857559725,132.17511495605217,0,outside
person_4.mp4,front,431,7192,59.927403857559725,134.24882125423932,0,outside
person_4.mp4,front,432,7209,59.927403857559725,132.59656587752212,0,outside
person_4.mp4,front,433,7225,59.927403857559725,133.50969752521803,0,outside
person_4.mp4,front,434,7242,59.927403857559725,132.56025845831158,0,outside
person_4.mp4,front,435,7259,59.927403857559725,133.3073225951802,0,outside
person_4.mp4,front,436,7275,59.927403857559725,132.61889117246616,0,outside
person_4.mp4,front,437,7292,59.927403857559725,132.8172034756551,0,outside
person_4.mp4,front,438,7309,59.927403857559725,130.74019129265076,0,outside
person_4.mp4,front,439,7326,59.927403857559725,131.8215943006155,0,outside
person_4.mp4,front,440,7342,59.927403857559725,131.85316430878333,0,outside
person_4.mp4,front,441,7359,59.927403857559725,132.3259902351538,0,outside
person_4.mp4,front,442,7376,59.927403857559725,132.4210812812994,0,outside
person_4.mp4,front,443,7392,59.927403857559725,133.49205102312607,0,outside
person_4.mp4,front,444,7409,59.927403857559725,134.79188637264565,0,outside
person_4.mp4,front,445,7426,59.927403857559725,134.15662872109445,0,outside
person_4.mp4,front,446,7442,59.927403857559725,135.2205366447925,0,outside
person_4.mp4,front,447,7459,59.927403857559725,134.86882815192882,0,outside
person_4.mp4,front,448,7476,59.927403857559725,133.44436607142774,0,outside
person_4.mp4,front,449,7492,59.927403857559725,133.66240647595131,0,outside
person_4.mp4,front,450,7509,59.927403857559725,133.8653907256754,0,outside
person_4.mp4,front,451,7526,59.927403857559725,135.6723778761833,0,outside
person_4.mp4,front,452,7542,59.927403857559725,137.01399094661875,0,outside
person_4.mp4,front,453,7559,59.927403857559725,137.91127088293536,0,outside
person_4.mp4,front,454,7576,59.927403857559725,137.38456243103224,0,outside
person_4.mp4,front,455,7593,59.927403857559725,137.25720303602702,0,outside
person_4.mp4,front,456,7609,59.927403857559725,136.61177239179676,0,outside
person_4.mp4,front,457,7626,59.927403857559725,138.02155184085507,0,outside
person_4.mp4,front,458,7643,59.927403857559725,138.09574487144909,0,outside
person_4.mp4,front,459,7659,59.927403857559725,138.8677028226963,0,outside
person_4.mp4,front,460,7676,59.927403857559725,138.37297599680855,0,outside
person_4.mp4,front,461,7693,59.927403857559725,138.4569341579043,0,outside
person_4.mp4,front,462,7709,59.927403857559725,138.48496020375245,0,outside
person_4.mp4,front,463,7726,59.927403857559725,138.61283450178394,0,outside
person_4.mp4,front,464,7743,59.927403857559725,138.43000669602753,0,outside
person_4.mp4,front,465,7759,59.927403857559725,138.47903689050406,0,outside
person_4.mp4,front,466,7776,59.927403857559725,138.3762899228454,0,outside
person_4.mp4,front,467,7793,59.927403857559725,138.2772228157217,0,outside
person_4.mp4,front,468,7809,59.927403857559725,138.30053796338973,0,outside
person_4.mp4,front,469,7826,59.927403857559725,138.24247018633827,0,outside
person_4.mp4,front,470,7843,59.927403857559725,137.9722004610336,0,outside
person_4.mp4,front,471,7860,59.927403857559725,138.1726724332209,0,outside
person_4.mp4,front,472,7876,59.927403857559725,138.1789829887939,0,outside
person_4.mp4,front,473,7893,59.927403857559725,137.72435016241116,0,outside
person_4.mp4,front,474,7910,59.927403857559725,137.7842975671905,0,outside
person_4.mp4,front,475,7926,59.927403857559725,137.34590069793828,0,outside
person_4.mp4,front,476,7943,59.927403857559725,138.11548471163087,0,outside
person_4.mp4,front,477,7960,59.927403857559725,137.96425457877285,0,outside
person_4.mp4,front,478,7976,59.927403857559725,137.69415472772974,0,outside
person_4.mp4,front,479,7993,59.927403857559725,138.0221136540126,0,outside
person_4.mp4,front,480,8010,59.927403857559725,137.85548013403292,0,outside
person_4.mp4,front,481,8026,59.927403857559725,138.13091166378678,0,outside
person_4.mp4,front,482,8043,59.927403857559725,135.90612441280166,0,outside
person_4.mp4,front,483,8060,59.927403857559725,133.27274146501225,0,outside
person_4.mp4,front,484,8076,59.927403857559725,133.0308674603533,0,outside
person_4.mp4,front,485,8093,59.927403857559725,132.2620812979058,0,outside
person_4.mp4,front,486,8110,59.927403857559725,131.12947064674862,0,outside
person_4.mp4,front,487,8126,59.927403857559725,130.72297419011994,0,outside
person_4.mp4,front,488,8143,59.927403857559725,130.96421603292896,0,outside
person_4.mp4,front,489,8160,59.927403857559725,130.76902563350853,0,outside
person_4.mp4,front,490,8177,59.927403857559725,130.81601711209404,0,outside
person_4.mp4,front,491,8193,59.927403857559725,130.5515448248504,0,outside
person_4.mp4,front,492,8210,59.927403857559725,132.1016546839806,0,outside
person_4.mp4,front,493,8227,59.927403857559725,132.67958940587806,0,outside
person_4.mp4,front,494,8243,59.927403857559725,132.99680950027368,0,outside
person_4.mp4,front,495,8260,59.927403857559725,133.25166441260734,0,outside
person_4.mp4,front,496,8277,59.927403857559725,133.82748271017968,0,outside
person_4.mp4,front,497,8293,59.927403857559725,133.90267175785957,0,outside
person_4.mp4,front,498,8310,59.927403857559725,134.80681148159303,0,outside
person_4.mp4,front,499,8327,59.927403857559725,134.67750183288098,0,outside
person_4.mp4,front,500,8343,59.927403857559725,134.050295983999,0,outside
person_4.mp4,front,501,8360,59.927403857559725,132.25404552252806,0,outside
person_4.mp4,front,502,8377,59.927403857559725,132.10914103252114,0,outside
person_4.mp4,front,503,8393,59.927403857559725,129.68848194547263,0,outside
person_4.mp4,front,504,8410,59.927403857559725,130.30551227560426,0,outside
person_4.mp4,front,505,8427,59.927403857559725,130.67031810953233,0,outside
person_4.mp4,front,506,8444,59.927403857559725,129.54026993612285,0,outside
person_4.mp4,front,507,8460,59.927403857559725,130.24316668967938,0,outside
person_4.mp4,front,508,8477,59.927403857559725,128.4701563370943,0,outside
person_4.mp4,front,509,8494,59.927403857559725,125.33256396348975,0,outside
person_4.mp4,front,510,8510,59.927403857559725,125.46843171578149,0,outside
person_4.mp4,front,511,8527,59.927403857559725,119.26434737249296,0,outside
person_4.mp4,front,512,8544,59.927403857559725,113.62990381596902,0,outside
person_4.mp4,front,513,8560,59.927403857559725,110.92472772291052,0,outside
person_4.mp4,front,514,8577,59.927403857559725,107.46338247657465,0,outside
person_4.mp4,front,515,8594,59.927403857559725,102.17086357417705,0,outside
person_4.mp4,front,516,8610,59.927403857559725,100.11133910866383,0,outside
person_4.mp4,front,517,8627,59.927403857559725,91.66331421369108,0,outside
person_4.mp4,front,518,8644,59.927403857559725,92.16151051284317,0,outside
person_4.mp4,front,519,8660,59.927403857559725,92.73843241327448,0,outside
person_4.mp4,front,520,8677,59.927403857559725,93.2856667792905,0,outside
person_4.mp4,front,521,8694,59.927403857559725,91.01220776375608,0,outside
person_4.mp4,front,522,8711,59.927403857559725,89.66758770430744,0,outside
person_4.mp4,front,523,8727,59.927403857559725,90.24234631573086,0,outside
person_4.mp4,front,524,8744,59.927403857559725,90.40057563746902,0,outside
person_4.mp4,front,525,8761,59.927403857559725,88.19041205727791,0,outside
person_4.mp4,front,526,8777,59.927403857559725,83.18268558183824,0,outside
person_4.mp4,front,527,8794,59.927403857559725,82.8357464139806,0,outside
person_4.mp4,front,528,8811,59.927403857559725,81.22936653338971,0,outside
person_4.mp4,front,529,8827,59.927403857559725,78.85833840185279,0,outside
person_4.mp4,front,530,8844,59.927403857559725,79.52526648200472,0,outside
person_4.mp4,front,531,8861,59.927403857559725,78.2809718371602,0,outside
person_4.mp4,front,532,8877,59.927403857559725,79.88128658983922,0,outside
person_4.mp4,front,533,8894,59.927403857559725,79.37336422122951,0,outside
person_4.mp4,front,534,8911,59.927403857559725,73.74619270241422,0,outside
person_4.mp4,front,535,8927,59.927403857559725,72.41605639401439,0,outside
person_4.mp4,front,536,8944,59.927403857559725,71.79987840691506,0,outside
person_4.mp4,front,537,8961,59.927403857559725,70.74202742823641,0,outside
person_4.mp4,front,538,8978,59.927403857559725,71.98048789549438,0,outside
person_4.mp4,front,539,8994,59.927403857559725,71.50012697776648,0,outside
person_4.mp4,front,540,9011,59.927403857559725,68.92311736749173,4,descent
person_4.mp4,front,541,9028,59.927403857559725,63.06543580695748,4,descent
person_4.mp4,front,542,9044,59.927403857559725,63.435447380519875,4,descent
person_4.mp4,front,543,9061,59.927403857559725,61.52083095060779,4,descent
person_4.mp4,front,544,9078,59.927403857559725,59.127144848921155,4,descent
person_4.mp4,front,545,9094,59.927403857559725,57.00486441172336,4,descent
person_4.mp4,front,546,9111,59.927403857559725,56.14962002091055,4,descent
person_4.mp4,front,547,9128,59.927403857559725,51.529382482239825,4,descent
person_4.mp4,front,548,9144,59.927403857559725,49.86164127646503,4,descent
person_4.mp4,front,549,9161,59.927403857559725,52.11308575520766,4,descent
person_4.mp4,front,550,9178,59.927403857559725,50.37610806818529,4,descent
person_4.mp4,front,551,9194,59.927403857559725,50.29436524425042,4,descent
person_4.mp4,front,552,9211,59.927403857559725,49.416332254662265,4,descent
person_4.mp4,front,553,9228,59.927403857559725,48.58835756326823,4,descent
person_4.mp4,front,554,9245,59.927403857559725,47.99947203948547,4,descent
person_4.mp4,front,555,9261,59.927403857559725,48.80227682034534,4,descent
person_4.mp4,front,556,9278,59.927403857559725,48.532573982669895,4,descent
person_4.mp4,front,557,9295,59.927403857559725,48.00128553856504,4,descent
person_4.mp4,front,558,9311,59.927403857559725,46.74529679128276,4,descent
person_4.mp4,front,559,9328,59.927403857559725,46.98670536804303,4,descent
person_4.mp4,front,560,9345,59.927403857559725,46.06818709278545,4,descent
person_4.mp4,front,561,9361,59.927403857559725,45.10071489741617,4,descent
person_4.mp4,front,562,9378,59.927403857559725,44.74860993747238,4,descent
person_4.mp4,front,563,9395,59.927403857559725,44.388743831222314,4,descent
person_4.mp4,front,564,9411,59.927403857559725,43.71159440916067,4,descent
person_4.mp4,front,565,9428,59.927403857559725,43.17457566883657,4,bottom
person_4.mp4,front,566,9445,59.927403857559725,44.05814178504502,4,ascent
person_4.mp4,front,567,9461,59.927403857559725,44.75375432036699,4,ascent
person_4.mp4,front,568,9478,59.927403857559725,44.09010938818934,4,ascent
person_4.mp4,front,569,9495,59.927403857559725,45.74525063011886,4,ascent
person_4.mp4,front,570,9512,59.927403857559725,46.551731401012866,4,ascent
person_4.mp4,front,571,9528,59.927403857559725,47.805487694880924,4,ascent
person_4.mp4,front,572,9545,59.927403857559725,49.14125970725769,4,ascent
person_4.mp4,front,573,9562,59.927403857559725,51.22596589296826,4,ascent
person_4.mp4,front,574,9578,59.927403857559725,53.370698101627255,4,ascent
person_4.mp4,front,575,9595,59.927403857559725,53.65584368999605,4,ascent
person_4.mp4,front,576,9612,59.927403857559725,55.27237488656404,4,ascent
person_4.mp4,front,577,9628,59.927403857559725,61.84561575865813,4,ascent
person_4.mp4,front,578,9645,59.927403857559725,68.33183285725127,4,ascent
person_4.mp4,front,579,9662,59.927403857559725,71.39008434409655,4,ascent
person_4.mp4,front,580,9678,59.927403857559725,72.68205178866887,0,outside
person_4.mp4,front,581,9695,59.927403857559725,72.22169352459034,0,outside
person_4.mp4,front,582,9712,59.927403857559725,75.66259000607478,0,outside
person_4.mp4,front,583,9728,59.927403857559725,78.35035603774347,0,outside
person_4.mp4,front,584,9745,59.927403857559725,82.11497764877957,0,outside
person_4.mp4,front,585,9762,59.927403857559725,85.64716451385755,0,outside
person_4.mp4,front,586,9778,59.927403857559725,88.42082360686214,0,outside
person_4.mp4,front,587,9795,59.927403857559725,92.49425849825516,0,outside
person_4.mp4,front,588,9812,59.927403857559725,94.86847935781702,0,outside
person_4.mp4,front,589,9829,59.927403857559725,99.55783357752765,0,outside
person_4.mp4,front,590,9845,59.927403857559725,105.96425629490568,0,outside
person_4.mp4,front,591,9862,59.927403857559725,102.95281184662035,0,outside
person_4.mp4,front,592,9879,59.927403857559725,107.26281367531195,0,outside
person_4.mp4,front,593,9895,59.927403857559725,107.6279662779709,0,outside
person_4.mp4,front,594,9912,59.927403857559725,108.12025726090536,0,outside
person_4.mp4,front,595,9929,59.927403857559725,114.92559153793486,0,outside
person_4.mp4,front,596,9945,59.927403857559725,118.30762334938169,0,outside
person_4.mp4,front,597,9962,59.927403857559725,126.57073863556998,0,outside
person_4.mp4,front,598,9979,59.927403857559725,125.89880306315781,0,outside
person_4.mp4,front,599,9995,59.927403857559725,127.77261090946772,0,outside
person_4.mp4,front,600,10012,59.927403857559725,131.76412366304837,0,outside
person_4.mp4,front,601,10029,59.927403857559725,132.63261393212434,0,outside
person_4.mp4,front,602,10045,59.927403857559725,133.67248320249467,0,outside
person_4.mp4,front,603,10062,59.927403857559725,134.7429891003914,0,outside
person_4.mp4,front,604,10079,59.927403857559725,135.50518957853143,0,outside
person_4.mp4,front,605,10096,59.927403857559725,135.18817429150897,0,outside
person_4.mp4,front,606,10112,59.927403857559725,134.0961456159977,0,outside
person_4.mp4,front,607,10129,59.927403857559725,132.20586870943413,0,outside
person_4.mp4,front,608,10146,59.927403857559725,132.22269122282518,0,outside
person_4.mp4,front,609,10162,59.927403857559725,133.1177262687154,0,outside
person_4.mp4,front,610,10179,59.927403857559725,132.25292496393024,0,outside
person_4.mp4,front,611,10196,59.927403857559725,132.46524443308994,0,outside
person_4.mp4,front,612,10212,59.927403857559725,131.42991810844808,0,outside
person_4.mp4,front,613,10229,59.927403857559725,132.1502881466436,0,outside
person_4.mp4,front,614,10246,59.927403857559725,131.48225714328726,0,outside
person_4.mp4,front,615,10262,59.927403857559725,131.901980702071,0,outside
person_4.mp4,front,616,10279,59.927403857559725,132.7696018642858,0,outside
person_4.mp4,front,617,10296,59.927403857559725,133.48570795027018,0,outside
person_4.mp4,front,618,10312,59.927403857559725,134.1084105761396,0,outside
person_4.mp4,front,619,10329,59.927403857559725,135.42978701869185,0,outside
person_4.mp4,front,620,10346,59.927403857559725,135.07475032033472,0,outside
person_4.mp4,front,621,10363,59.927403857559725,135.5276129641071,0,outside
person_4.mp4,front,622,10379,59.927403857559725,137.2134619919977,0,outside
person_4.mp4,front,623,10396,59.927403857559725,138.18076843701226,0,outside
person_4.mp4,front,624,10413,59.927403857559725,139.05588617853851,0,outside
person_4.mp4,front,625,10429,59.927403857559725,138.50796663349593,0,outside
person_4.mp4,front,626,10446,59.927403857559725,138.67259730650858,0,outside
person_4.mp4,front,627,10463,59.927403857559725,138.52425160991532,0,outside
person_4.mp4,front,628,10479,59.927403857559725,137.97911062853052,0,outside
person_4.mp4,front,629,10496,59.927403857559725,138.24725851687157,0,outside
person_4.mp4,front,630,10513,59.927403857559725,139.5641659707826,0,outside
person_4.mp4,front,631,10529,59.927403857559725,138.94571909802795,0,outside
person_4.mp4,front,632,10546,59.927403857559725,139.89019222336057,0,outside
person_4.mp4,front,633,10563,59.927403857559725,140.0032778415943,0,outside
person_4.mp4,front,634,10579,59.927403857559725,139.6979072726551,0,outside
person_4.mp4,front,635,10596,59.927403857559725,140.0482420930528,0,outside
person_4.mp4,front,636,10613,59.927403857559725,139.79180066390498,0,outside
person_4.mp4,front,637,10630,59.927403857559725,140.23175685908592,0,outside
person_4.mp4,front,638,10646,59.927403857559725,140.18929133248656,0,outside
person_4.mp4,front,639,10663,59.927403857559725,140.2410852993862,0,outside
person_4.mp4,front,640,10680,59.927403857559725,139.35974170274727,0,outside
person_4.mp4,front,641,10696,59.927403857559725,139.1533263583465,0,outside
person_4.mp4,front,642,10713,59.927403857559725,139.43855496141435,0,outside
person_4.mp4,front,643,10730,59.927403857559725,139.35070472940998,0,outside
person_4.mp4,front,644,10746,59.927403857559725,139.95417719836425,0,outside
person_4.mp4,front,645,10763,59.927403857559725,139.86153002814456,0,outside
person_4.mp4,front,646,10780,59.927403857559725,139.45407308381192,0,outside
person_4.mp4,front,647,10796,59.927403857559725,139.4606736151994,0,outside
person_4.mp4,front,648,10813,59.927403857559725,139.50870751307082,0,outside
person_4.mp4,front,649,10830,59.927403857559725,139.48460446838857,0,outside
person_4.mp4,front,650,10846,59.927403857559725,139.4258656346854,0,outside
person_4.mp4,front,651,10863,59.927403857559725,139.2906707978085,0,outside
person_4.mp4,front,652,10880,59.927403857559725,139.68776055893392,0,outside
person_4.mp4,front,653,10897,59.927403857559725,140.1349796590797,0,outside
person_4.mp4,front,654,10913,59.927403857559725,140.17485357665876,0,outside
person_4.mp4,front,655,10930,59.927403857559725,139.86967224394215,0,outside
person_4.mp4,front,656,10947,59.927403857559725,140.39341984009735,0,outside
person_4.mp4,front,657,10963,59.927403857559725,138.49338597516842,0,outside
person_4.mp4,front,658,10980,59.927403857559725,137.55429931215528,0,outside
person_4.mp4,front,659,10997,59.927403857559725,137.31388207828135,0,outside
person_4.mp4,front,660,11013,59.927403857559725,136.7103709789991,0,outside
person_4.mp4,front,661,11030,59.927403857559725,136.34077617659372,0,outside
person_4.mp4,front,662,11047,59.927403857559725,136.05541324808013,0,outside
person_4.mp4,front,663,11063,59.927403857559725,135.9455217999635,0,outside
person_4.mp4,front,664,11080,59.927403857559725,134.3720422466309,0,outside
person_4.mp4,front,665,11097,59.927403857559725,134.32293484685854,0,outside
person_4.mp4,front,666,11113,59.927403857559725,134.20435188463682,0,outside
person_4.mp4,front,667,11130,59.927403857559725,134.66909865484013,0,outside
person_4.mp4,front,668,11147,59.927403857559725,134.60782437404094,0,outside
person_4.mp4,front,669,11164,59.927403857559725,134.5719012927494,0,outside
person_4.mp4,front,670,11180,59.927403857559725,134.48367298881112,0,outside
person_4.mp4,front,671,11197,59.927403857559725,135.58459722677497,0,outside
person_4.mp4,front,672,11214,59.927403857559725,135.0079702131065,0,outside
person_4.mp4,front,673,11230,59.927403857559725,135.65660824185233,0,outside
person_4.mp4,front,674,11247,59.927403857559725,135.80124974729858,0,outside
person_4.mp4,front,675,11264,59.927403857559725,136.03433482033103,0,outside
person_4.mp4,front,676,11280,59.927403857559725,136.7853623345764,0,outside
person_4.mp4,front,677,11297,59.927403857559725,136.51721727610752,0,outside
person_4.mp4,front,678,11314,59.927403857559725,135.2633077277958,0,outside
person_4.mp4,front,679,11330,59.927403857559725,133.9499388880233,0,outside
person_4.mp4,front,680,11347,59.927403857559725,131.6427624106333,0,outside
person_4.mp4,front,681,11364,59.927403857559725,129.15831898009844,0,outside
person_4.mp4,front,682,11380,59.927403857559725,127.47253226700369,0,outside
person_4.mp4,front,683,11397,59.927403857559725,127.47739762789689,0,outside
person_4.mp4,front,684,11414,59.927403857559725,128.8808030430256,0,outside
person_4.mp4,front,685,11430,59.927403857559725,128.80514878786377,0,outside
person_4.mp4,front,686,11447,59.927403857559725,123.92119872227711,0,outside
person_4.mp4,front,687,11464,59.927403857559725,121.00828143070504,0,outside
person_4.mp4,front,688,11481,59.927403857559725,115.03383925173335,0,outside
person_4.mp4,front,689,11497,59.927403857559725,114.68376434008799,0,outside
person_4.mp4,front,690,11514,59.927403857559725,103.64583711354254,0,outside
person_4.mp4,front,691,11531,59.927403857559725,102.15992330903006,0,outside
person_4.mp4,front,692,11547,59.927403857559725,95.97627769067807,0,outside
person_4.mp4,front,693,11564,59.927403857559725,94.53536495615421,0,outside
person_4.mp4,front,694,11581,59.927403857559725,91.42080370666757,0,outside
person_4.mp4,front,695,11597,59.927403857559725,88.19581988304509,0,outside
person_4.mp4,front,696,11614,59.927403857559725,85.19792088922239,0,outside
person_4.mp4,front,697,11631,59.927403857559725,85.6310882992007,0,outside
person_4.mp4,front,698,11647,59.927403857559725,83.71274408459922,0,outside
person_4.mp4,front,699,11664,59.927403857559725,83.79481062521302,0,outside
person_4.mp4,front,700,11681,59.927403857559725,80.23495692755567,0,outside
person_4.mp4,front,701,11697,59.927403857559725,82.5471502537376,0,outside
person_4.mp4,front,702,11714,59.927403857559725,76.25289940301059,0,outside
person_4.mp4,front,703,11731,59.927403857559725,78.62662429984098,0,outside
person_4.mp4,front,704,11748,59.927403857559725,75.75841444543991,0,outside
person_4.mp4,front,705,11764,59.927403857559725,71.88009234286866,5,descent
person_4.mp4,front,706,11781,59.927403857559725,69.72386890560065,5,descent
person_4.mp4,front,707,11798,59.927403857559725,67.14017723871359,5,descent
person_4.mp4,front,708,11814,59.927403857559725,67.82010804994525,5,descent
person_4.mp4,front,709,11831,59.927403857559725,61.90992834042477,5,descent
person_4.mp4,front,710,11848,59.927403857559725,60.8145232528202,5,descent
person_4.mp4,front,711,11864,59.927403857559725,59.240982992978246,5,descent
person_4.mp4,front,712,11881,59.927403857559725,61.95420018375478,5,descent
person_4.mp4,front,713,11898,59.927403857559725,54.20202352875533,5,descent
person_4.mp4,front,714,11914,59.927403857559725,51.02899323073862,5,descent
person_4.mp4,front,715,11931,59.927403857559725,52.996001876680566,5,descent
person_4.mp4,front,716,11948,59.927403857559725,50.74006685910766,5,descent
person_4.mp4,front,717,11964,59.927403857559725,50.790528732798215,5,bottom
person_4.mp4,front,718,11981,59.927403857559725,48.9468683862608,5,ascent
person_4.mp4,front,719,11998,59.927403857559725,49.048441127193016,5,ascent
person_4.mp4,front,720,12015,59.927403857559725,48.29051834406609,5,ascent
person_4.mp4,front,721,12031,59.927403857559725,53.66574044810595,5,ascent
person_4.mp4,front,722,12048,59.927403857559725,50.644491491031694,5,ascent
person_4.mp4,front,723,12065,59.927403857559725,50.95102875687855,5,ascent
person_4.mp4,front,724,12081,59.927403857559725,54.14355176105457,5,ascent
person_4.mp4,front,725,12098,59.927403857559725,56.60085155727155,5,ascent
person_4.mp4,front,726,12115,59.927403857559725,55.14748486707744,5,ascent
person_4.mp4,front,727,12131,59.927403857559725,56.54705609143964,5,ascent
person_4.mp4,front,728,12148,59.927403857559725,52.935555679348056,5,ascent
person_4.mp4,front,729,12165,59.927403857559725,51.44008926199454,5,ascent
person_4.mp4,front,730,12181,59.927403857559725,53.572582518793396,5,ascent
person_4.mp4,front,731,12198,59.927403857559725,50.022400263924936,5,ascent
person_4.mp4,front,732,12215,59.927403857559725,49.14477315505747,5,ascent
person_4.mp4,front,733,12231,59.927403857559725,51.24526951262816,5,ascent
person_4.mp4,front,734,12248,59.927403857559725,51.085216596399675,5,ascent
person_4.mp4,front,735,12265,59.927403857559725,52.67776170062683,5,ascent
person_4.mp4,front,736,12282,59.927403857559725,52.323094059952794,5,ascent
person_4.mp4,front,737,12298,59.927403857559725,58.29486956780938,5,ascent
person_4.mp4,front,738,12315,59.927403857559725,58.67664773228015,5,ascent
person_4.mp4,front,739,12332,59.927403857559725,63.27418095018096,5,ascent
person_4.mp4,front,740,12348,59.927403857559725,64.43882930173874,5,ascent
person_4.mp4,front,741,12365,59.927403857559725,63.16698197824081,5,ascent
person_4.mp4,front,742,12382,59.927403857559725,60.7232593165287,5,ascent
person_4.mp4,front,743,12398,59.927403857559725,58.87323741129328,5,ascent
person_4.mp4,front,744,12415,59.927403857559725,58.287577434671846,5,ascent
person_4.mp4,front,745,12432,59.927403857559725,65.75117664799572,5,ascent
person_4.mp4,front,746,12448,59.927403857559725,70.03698239111888,5,ascent
person_4.mp4,front,747,12465,59.927403857559725,72.38638140973381,5,ascent
person_4.mp4,front,748,12482,59.927403857559725,77.0019347876391,5,ascent
person_4.mp4,front,749,12498,59.927403857559725,78.24216606050304,0,outside
person_4.mp4,front,750,12515,59.927403857559725,82.08254584392341,0,outside
person_4.mp4,front,751,12532,59.927403857559725,86.68075434652528,0,outside
person_4.mp4,front,752,12549,59.927403857559725,89.63459921004889,0,outside
person_4.mp4,front,753,12565,59.927403857559725,90.6990266869681,0,outside
person_4.mp4,front,754,12582,59.927403857559725,91.48335450703061,0,outside
person_4.mp4,front,755,12599,59.927403857559725,93.966633067762,0,outside
person_4.mp4,front,756,12615,59.927403857559725,99.93256628204627,0,outside
person_4.mp4,front,757,12632,59.927403857559725,109.72802573798407,0,outside
person_4.mp4,front,758,12649,59.927403857559725,116.9329469808738,0,outside
person_4.mp4,front,759,12665,59.927403857559725,116.83199983962984,0,outside
person_4.mp4,front,760,12682,59.927403857559725,117.76056157372594,0,outside
person_4.mp4,front,761,12699,59.927403857559725,123.86848342068387,0,outside
person_4.mp4,front,762,12715,59.927403857559725,124.46756989847941,0,outside
person_4.mp4,front,763,12732,59.927403857559725,127.11154726277942,0,outside
person_4.mp4,front,764,12749,59.927403857559725,131.06330206354136,0,outside
person_4.mp4,front,765,12765,59.927403857559725,129.7243950794288,0,outside
person_4.mp4,front,766,12782,59.927403857559725,131.92688356927982,0,outside
person_4.mp4,front,767,12799,59.927403857559725,130.48321923767088,0,outside
person_4.mp4,front,768,12816,59.927403857559725,131.475544983887,0,outside
person_4.mp4,front,769,12832,59.927403857559725,132.95744379271744,0,outside
person_4.mp4,front,770,12849,59.927403857559725,132.1472673128319,0,outside
person_4.mp4,front,771,12866,59.927403857559725,131.46713284374425,0,outside
person_4.mp4,front,772,12882,59.927403857559725,131.17196443498074,0,outside
person_4.mp4,front,773,12899,59.927403857559725,132.04338299917904,0,outside
person_4.mp4,front,774,12916,59.927403857559725,131.27178420256854,0,outside
person_4.mp4,front,775,12932,59.927403857559725,131.7950014551934,0,outside
person_4.mp4,front,776,12949,59.927403857559725,133.62049262646013,0,outside
person_4.mp4,front,777,12966,59.927403857559725,133.91150494729092,0,outside
person_4.mp4,front,778,12982,59.927403857559725,134.0751553741473,0,outside
person_4.mp4,front,779,12999,59.927403857559725,134.6634309336549,0,outside
person_4.mp4,front,780,13016,59.927403857559725,134.31951460660264,0,outside
person_4.mp4,front,781,13032,59.927403857559725,134.76330416618114,0,outside
person_4.mp4,front,782,13049,59.927403857559725,134.26157834130896,0,outside
person_4.mp4,front,783,13066,59.927403857559725,135.10060451265923,0,outside
person_4.mp4,front,784,13082,59.927403857559725,134.90689720430333,0,outside
person_4.mp4,front,785,13099,59.927403857559725,135.38132036943537,0,outside
person_4.mp4,front,786,13116,59.927403857559725,134.67722402346016,0,outside
person_4.mp4,front,787,13133,59.927403857559725,136.15933478278276,0,outside
person_4.mp4,front,788,13149,59.927403857559725,135.81727643087618,0,outside
person_4.mp4,front,789,13166,59.927403857559725,136.80779896279572,0,outside
person_4.mp4,front,790,13183,59.927403857559725,137.9082385139194,0,outside
person_4.mp4,front,791,13199,59.927403857559725,138.52308676963975,0,outside
person_4.mp4,front,792,13216,59.927403857559725,138.07173963903875,0,outside
person_4.mp4,front,793,13233,59.927403857559725,138.86304091083,0,outside
person_4.mp4,front,794,13249,59.927403857559725,138.70471979099074,0,outside
person_4.mp4,front,795,13266,59.927403857559725,138.32944538554148,0,outside
person_4.mp4,front,796,13283,59.927403857559725,139.665135692505,0,outside
person_4.mp4,front,797,13299,59.927403857559725,139.42999977666506,0,outside
person_4.mp4,front,798,13316,59.927403857559725,140.03845373569993,0,outside
person_4.mp4,front,799,13333,59.927403857559725,139.773848318075,0,outside
person_4.mp4,front,800,13349,59.927403857559725,140.26088931364723,0,outside
person_4.mp4,front,801,13366,59.927403857559725,140.7337404618468,0,outside
person_4.mp4,front,802,13383,59.927403857559725,141.1426273912694,0,outside
person_4.mp4,front,803,13400,59.927403857559725,140.91068644297263,0,outside
person_4.mp4,front,804,13416,59.927403857559725,140.90013792019013,0,outside
person_4.mp4,front,805,13433,59.927403857559725,140.83732288941974,0,outside
person_4.mp4,front,806,13450,59.927403857559725,141.2545272452448,0,outside
person_4.mp4,front,807,13466,59.927403857559725,141.22703936111134,0,outside
person_4.mp4,front,808,13483,59.927403857559725,141.13943550450807,0,outside
person_4.mp4,front,809,13500,59.927403857559725,140.96875972622513,0,outside
person_4.mp4,front,810,13516,59.927403857559725,140.42523364645902,0,outside
person_4.mp4,front,811,13533,59.927403857559725,140.04678108047466,0,outside
person_4.mp4,front,812,13550,59.927403857559725,139.48888203931114,0,outside
person_4.mp4,front,813,13566,59.927403857559725,139.0913876498148,0,outside
person_4.mp4,front,814,13583,59.927403857559725,139.08234906578696,0,outside
person_4.mp4,front,815,13600,59.927403857559725,138.87673478758296,0,outside
person_4.mp4,front,816,13616,59.927403857559725,138.8709012218331,0,outside
person_4.mp4,front,817,13633,59.927403857559725,138.76194731067437,0,outside
person_4.mp4,front,818,13650,59.927403857559725,138.8144222261912,0,outside
person_4.mp4,front,819,13667,59.927403857559725,138.19193529623288,0,outside
person_4.mp4,front,820,13683,59.927403857559725,138.802703094231,0,outside
person_4.mp4,front,821,13700,59.927403857559725,138.6017393326557,0,outside
person_4.mp4,front,822,13717,59.927403857559725,139.29233150944071,0,outside
person_4.mp4,front,823,13733,59.927403857559725,139.5809907607187,0,outside
person_4.mp4,front,824,13750,59.927403857559725,139.8492109973161,0,outside
person_4.mp4,front,825,13767,59.927403857559725,139.8590549696979,0,outside
person_4.mp4,front,826,13783,59.927403857559725,139.97045358363022,0,outside
person_4.mp4,front,827,13800,59.927403857559725,140.201127799821,0,outside
person_4.mp4,front,828,13817,59.927403857559725,140.30239810189877,0,outside
person_4.mp4,front,829,13833,59.927403857559725,140.04677360135616,0,outside
person_4.mp4,front,830,13850,59.927403857559725,140.34539462156027,0,outside
person_4.mp4,front,831,13867,59.927403857559725,140.48724168440722,0,outside
person_4.mp4,front,832,13883,59.927403857559725,139.93303287758522,0,outside
person_4.mp4,front,833,13900,59.927403857559725,139.6487228310795,0,outside
person_4.mp4,front,834,13917,59.927403857559725,139.7427897228555,0,outside
person_4.mp4,front,835,13934,59.927403857559725,139.17521506775643,0,outside
person_4.mp4,front,836,13950,59.927403857559725,138.33005243145791,0,outside
person_4.mp4,front,837,13967,59.927403857559725,138.23317858216012,0,outside
person_4.mp4,front,838,13984,59.927403857559725,137.85937307692416,0,outside
person_4.mp4,front,839,14000,59.927403857559725,137.72781764945904,0,outside
person_4.mp4,front,840,14017,59.927403857559725,138.0634704712843,0,outside
person_4.mp4,front,841,14034,59.927403857559725,136.5829860014449,0,outside
